Customer_ID,Income_Level,Cultural_Eco_Alignment,Emotional_Guilt_Score,Emotional_Pride_Score,Social_Influence_Score,Green_Knowledge_Level,Time_Spent_on_Green_Products,Clicks_on_Green_Products,Previous_Green_Purchases,Referral_Source,Product_Category,Green_Product_Rating,Green_Consumption_Score,Green_Purchase_Made
0001,Low,5,10,8,4,9,9.19,2,1,Social Media,Eco-Friendly,1,0.66,1
0002,Low,9,9,9,9,5,5.64,2,2,Social Media,Eco-Friendly,4,0.74,1
0003,Medium,3,5,1,3,9,10.36,3,4,Email,Eco-Friendly,3,0.41,0
0004,Low,9,10,2,7,10,13.69,2,0,Ads,Non-Eco-Friendly,4,0.67,1
0005,Medium,6,4,10,3,6,4.28,4,4,Social Media,Non-Eco-Friendly,3,0.57,1
0006,Low,4,6,2,7,9,10.44,2,5,Email,Non-Eco-Friendly,3,0.51,1
0007,Medium,7,8,4,7,7,11.17,2,2,Ads,Non-Eco-Friendly,2,0.61,1
0008,High,8,3,2,9,7,6.41,4,1,Email,Non-Eco-Friendly,5,0.48,0
0009,High,6,10,7,2,8,7.06,1,2,Email,Eco-Friendly,3,0.62,1
0010,Medium,5,1,9,6,7,11.15,1,1,Ads,Eco-Friendly,1,0.5,1
0011,Medium,6,4,7,9,9,4.33,4,1,Organic Search,Eco-Friendly,5,0.57,1
0012,Medium,5,4,6,2,9,11.75,3,2,Organic Search,Non-Eco-Friendly,2,0.5,1
0013,Medium,8,1,10,2,6,5.52,8,0,Social Media,Non-Eco-Friendly,5,0.53,1
0014,Medium,1,9,1,5,7,15.31,1,0,Ads,Eco-Friendly,5,0.42,0
0015,Low,7,3,10,10,2,21.69,4,3,Social Media,Non-Eco-Friendly,3,0.68,1
0016,High,10,5,9,10,9,5.7,2,2,Email,Eco-Friendly,1,0.73,1
0017,Medium,10,6,5,10,1,12.67,2,2,Organic Search,Eco-Friendly,3,0.62,1
0018,Low,2,8,5,8,1,6.37,3,0,Social Media,Eco-Friendly,1,0.44,0
0019,Medium,9,6,6,9,3,15.2,4,1,Social Media,Non-Eco-Friendly,1,0.65,1
0020,Medium,1,3,9,2,6,3.67,3,0,Organic Search,Non-Eco-Friendly,4,0.37,0
0021,High,10,6,8,5,5,12.4,4,1,Email,Eco-Friendly,3,0.67,1
0022,Medium,6,1,8,7,2,5.64,5,0,Social Media,Eco-Friendly,2,0.44,0
0023,Medium,9,4,8,6,9,8.97,5,2,Social Media,Non-Eco-Friendly,5,0.66,1
0024,Low,1,6,1,6,10,4.84,2,3,Ads,Non-Eco-Friendly,4,0.38,0
0025,Medium,4,7,1,7,4,14.11,5,2,Ads,Non-Eco-Friendly,2,0.47,0
0026,Medium,4,10,8,3,4,5.82,3,5,Organic Search,Non-Eco-Friendly,3,0.6,1
0027,Low,9,3,5,3,5,12.76,5,4,Organic Search,Eco-Friendly,1,0.55,1
0028,Low,5,9,9,10,8,8.28,3,2,Email,Eco-Friendly,3,0.72,1
0029,Medium,5,7,2,9,10,9.43,6,1,Email,Non-Eco-Friendly,3,0.56,1
0030,Low,6,1,9,8,4,10.74,1,2,Social Media,Non-Eco-Friendly,4,0.52,1
0031,Medium,1,2,8,5,5,6.19,1,1,Ads,Non-Eco-Friendly,2,0.37,0
0032,Low,1,1,9,6,4,11.05,4,2,Email,Non-Eco-Friendly,4,0.42,0
0033,Low,9,9,4,10,6,17.65,3,3,Social Media,Eco-Friendly,2,0.73,1
0034,Low,3,9,1,1,3,6.11,7,2,Social Media,Non-Eco-Friendly,4,0.39,0
0035,High,4,7,1,10,8,15.86,2,0,Organic Search,Non-Eco-Friendly,5,0.51,1
0036,High,1,10,5,1,6,17.49,0,3,Ads,Eco-Friendly,1,0.51,1
0037,High,9,3,2,4,10,5.92,2,7,Social Media,Non-Eco-Friendly,1,0.53,1
0038,Medium,8,5,8,2,5,2.72,3,2,Organic Search,Eco-Friendly,1,0.54,1
0039,Low,2,4,10,7,2,11.51,2,2,Social Media,Eco-Friendly,5,0.5,0
0040,Medium,8,7,5,2,10,7.26,3,2,Ads,Eco-Friendly,5,0.59,1
0041,Medium,7,9,5,10,10,19.34,3,2,Social Media,Non-Eco-Friendly,1,0.75,1
0042,High,6,2,2,2,7,10.17,1,2,Social Media,Eco-Friendly,1,0.37,0
0043,Low,1,8,7,5,2,5.99,4,1,Email,Non-Eco-Friendly,2,0.45,0
0044,Medium,7,9,8,4,1,4.26,4,1,Email,Non-Eco-Friendly,2,0.58,1
0045,Low,10,10,10,8,7,15.45,4,3,Organic Search,Eco-Friendly,3,0.88,1
0046,Medium,7,10,1,4,5,7.14,3,3,Social Media,Eco-Friendly,4,0.53,1
0047,Medium,9,9,2,6,1,10.22,2,2,Organic Search,Eco-Friendly,2,0.55,1
0048,Medium,1,10,10,5,4,14.78,2,2,Ads,Non-Eco-Friendly,2,0.61,1
0049,Medium,2,7,4,2,4,7.58,2,2,Organic Search,Non-Eco-Friendly,2,0.39,0
0050,Medium,9,9,5,8,10,9.77,0,0,Social Media,Eco-Friendly,2,0.69,1
0051,Medium,9,9,2,2,7,9.92,4,3,Email,Non-Eco-Friendly,5,0.59,1
0052,Medium,6,3,1,9,9,13.42,2,2,Email,Eco-Friendly,3,0.48,0
0053,High,6,4,9,9,2,12.95,4,2,Organic Search,Non-Eco-Friendly,2,0.59,1
0054,High,4,2,1,3,1,8.9,2,1,Email,Non-Eco-Friendly,4,0.24,0
0055,Medium,4,10,4,4,2,10.32,7,3,Social Media,Non-Eco-Friendly,2,0.54,1
0056,Medium,5,3,2,8,7,8.14,5,5,Social Media,Non-Eco-Friendly,5,0.47,0
0057,Medium,3,5,4,9,10,2.61,3,0,Ads,Eco-Friendly,1,0.46,0
0058,Medium,1,5,8,3,6,11.29,1,0,Email,Eco-Friendly,1,0.43,0
0059,Low,1,6,8,5,4,19.46,4,1,Email,Eco-Friendly,3,0.52,1
0060,High,7,7,9,8,1,5.58,1,2,Ads,Non-Eco-Friendly,1,0.6,1
0061,Low,1,7,5,3,1,6.13,2,2,Organic Search,Non-Eco-Friendly,2,0.36,0
0062,High,1,1,7,7,5,5.65,2,1,Ads,Eco-Friendly,5,0.35,0
0063,Medium,3,2,3,8,1,13.62,4,5,Email,Eco-Friendly,3,0.39,0
0064,Medium,10,9,10,10,7,12.24,5,0,Organic Search,Eco-Friendly,2,0.84,1
0065,Medium,4,10,4,3,1,9.21,2,1,Social Media,Non-Eco-Friendly,1,0.47,0
0066,High,4,2,10,2,1,5.41,2,2,Social Media,Eco-Friendly,4,0.41,0
0067,Medium,2,6,9,10,2,10.46,2,2,Ads,Eco-Friendly,2,0.54,1
0068,Medium,1,1,10,7,10,2.18,3,3,Social Media,Eco-Friendly,4,0.47,0
0069,Low,3,3,10,9,3,10.72,4,0,Email,Eco-Friendly,4,0.51,1
0070,Medium,4,2,1,1,1,14.36,1,2,Ads,Eco-Friendly,3,0.26,0
0071,Low,3,3,2,3,9,3.74,4,0,Email,Eco-Friendly,5,0.32,0
0072,Medium,8,5,5,5,10,2.34,5,1,Email,Eco-Friendly,1,0.56,1
0073,Medium,10,10,3,3,8,17.9,1,4,Organic Search,Eco-Friendly,1,0.7,1
0074,Medium,1,6,2,1,5,6.94,2,6,Organic Search,Eco-Friendly,2,0.34,0
0075,Low,2,9,1,7,2,15.68,3,0,Organic Search,Non-Eco-Friendly,1,0.42,0
0076,Low,7,10,10,7,5,9.23,1,3,Social Media,Eco-Friendly,3,0.74,1
0077,Medium,4,4,3,10,6,9.19,3,0,Organic Search,Eco-Friendly,1,0.44,0
0078,Low,8,7,1,8,1,12.19,4,0,Email,Eco-Friendly,2,0.49,0
0079,Low,3,6,1,5,4,5.58,4,1,Ads,Non-Eco-Friendly,1,0.35,0
0080,Low,6,2,1,10,9,10.66,3,4,Ads,Non-Eco-Friendly,5,0.48,0
0081,High,9,10,8,5,2,8.09,5,3,Email,Eco-Friendly,4,0.71,1
0082,Medium,1,8,3,5,5,3.4,1,0,Social Media,Non-Eco-Friendly,4,0.36,0
0083,Medium,1,7,1,1,1,11.69,4,0,Ads,Non-Eco-Friendly,4,0.28,0
0084,Low,8,7,7,10,4,8.68,2,0,Email,Eco-Friendly,5,0.63,1
0085,Medium,3,8,10,5,4,9.21,1,2,Email,Non-Eco-Friendly,3,0.58,1
0086,Medium,5,1,3,6,6,3.95,4,4,Email,Non-Eco-Friendly,2,0.38,0
0087,Medium,1,1,8,1,10,17.96,3,2,Ads,Eco-Friendly,5,0.43,0
0088,Low,5,8,4,7,9,14.38,2,3,Ads,Eco-Friendly,2,0.61,1
0089,Low,6,4,4,1,3,14.82,2,0,Organic Search,Non-Eco-Friendly,3,0.4,0
0090,Low,8,5,5,2,9,8.47,1,3,Organic Search,Eco-Friendly,5,0.55,1
0091,Medium,3,8,6,2,6,1.35,2,5,Email,Eco-Friendly,1,0.49,0
0092,Medium,3,5,7,5,7,19.76,4,2,Email,Eco-Friendly,3,0.56,1
0093,Low,10,10,4,10,10,9.69,4,4,Email,Non-Eco-Friendly,4,0.79,1
0094,Low,9,4,8,7,2,6.26,6,2,Email,Eco-Friendly,5,0.59,1
0095,Low,4,6,6,1,10,12.08,1,3,Ads,Non-Eco-Friendly,3,0.53,1
0096,High,4,5,1,10,6,15.84,4,1,Organic Search,Non-Eco-Friendly,3,0.47,0
0097,Low,7,7,1,1,6,9.88,0,1,Social Media,Eco-Friendly,5,0.43,0
0098,Medium,2,10,9,1,2,16.39,2,1,Email,Non-Eco-Friendly,4,0.55,1
0099,Medium,8,7,10,6,2,15.41,2,5,Organic Search,Eco-Friendly,4,0.72,1
0100,Medium,6,4,6,2,2,4.62,2,2,Email,Eco-Friendly,3,0.41,0
0101,Low,3,5,10,1,10,6.63,1,3,Ads,Eco-Friendly,2,0.54,1
0102,Low,9,3,8,6,1,14.79,3,0,Social Media,Eco-Friendly,3,0.56,1
0103,Medium,5,4,7,2,5,0.0,5,1,Organic Search,Eco-Friendly,5,0.42,0
0104,Medium,8,4,6,6,8,9.25,1,3,Organic Search,Non-Eco-Friendly,5,0.58,1
0105,Medium,7,3,4,10,2,2.85,2,2,Social Media,Non-Eco-Friendly,5,0.44,0
0106,Medium,8,10,7,8,5,7.62,5,1,Ads,Eco-Friendly,4,0.7,1
0107,Low,7,5,9,2,8,8.51,2,1,Social Media,Non-Eco-Friendly,1,0.58,1
0108,High,3,5,10,9,10,8.21,2,1,Organic Search,Non-Eco-Friendly,5,0.61,1
0109,Medium,2,7,10,8,5,7.24,4,1,Social Media,Non-Eco-Friendly,5,0.58,1
0110,Low,7,4,7,10,2,4.51,2,1,Ads,Non-Eco-Friendly,2,0.52,1
0111,High,3,4,1,1,3,21.46,2,2,Ads,Eco-Friendly,2,0.34,0
0112,Medium,3,9,10,7,6,19.34,3,2,Email,Eco-Friendly,3,0.7,1
0113,Medium,2,6,9,10,5,4.19,4,0,Social Media,Eco-Friendly,3,0.53,1
0114,Medium,4,4,4,6,4,17.91,4,1,Social Media,Non-Eco-Friendly,3,0.46,0
0115,High,8,2,3,6,4,8.0,4,1,Organic Search,Non-Eco-Friendly,5,0.43,0
0116,Medium,1,6,4,6,5,10.65,5,4,Ads,Eco-Friendly,2,0.45,0
0117,Low,1,2,4,6,2,9.68,2,1,Social Media,Eco-Friendly,3,0.29,0
0118,Medium,5,5,10,10,9,6.7,0,1,Organic Search,Non-Eco-Friendly,2,0.63,1
0119,High,5,6,2,7,2,14.92,3,0,Email,Eco-Friendly,5,0.44,0
0120,Low,1,4,1,3,10,10.63,3,0,Social Media,Non-Eco-Friendly,5,0.32,0
0121,Medium,6,3,10,6,2,7.62,2,1,Social Media,Eco-Friendly,3,0.52,1
0122,Medium,1,7,1,3,10,3.48,3,4,Organic Search,Eco-Friendly,5,0.38,0
0123,Medium,5,2,8,7,9,5.53,5,1,Organic Search,Non-Eco-Friendly,5,0.52,1
0124,Medium,9,6,2,7,3,1.79,1,1,Ads,Eco-Friendly,2,0.46,0
0125,High,5,4,10,8,10,10.06,2,1,Ads,Eco-Friendly,1,0.63,1
0126,Low,6,6,5,2,7,4.02,4,1,Ads,Eco-Friendly,4,0.48,0
0127,Low,8,4,4,9,4,8.67,2,1,Social Media,Eco-Friendly,3,0.51,1
0128,Low,1,4,8,5,6,16.85,0,0,Organic Search,Eco-Friendly,1,0.45,0
0129,High,2,4,2,9,4,16.0,5,1,Ads,Eco-Friendly,3,0.4,0
0130,Medium,9,9,10,10,10,9.84,0,1,Social Media,Non-Eco-Friendly,1,0.82,1
0131,Low,3,7,9,5,7,9.56,2,3,Ads,Non-Eco-Friendly,5,0.59,1
0132,High,6,3,7,7,1,19.4,3,5,Email,Non-Eco-Friendly,3,0.56,1
0133,High,5,3,7,9,3,12.6,2,7,Social Media,Non-Eco-Friendly,1,0.56,1
0134,High,2,6,1,4,3,8.36,6,5,Ads,Non-Eco-Friendly,4,0.37,0
0135,High,7,6,2,2,1,2.87,5,0,Ads,Eco-Friendly,5,0.37,0
0136,Low,4,4,4,9,6,11.97,3,3,Email,Eco-Friendly,3,0.49,0
0137,Medium,1,9,4,2,9,14.15,4,4,Email,Non-Eco-Friendly,3,0.52,1
0138,Medium,4,4,3,3,8,6.84,5,1,Ads,Eco-Friendly,1,0.4,0
0139,High,6,9,7,10,7,11.46,2,1,Ads,Eco-Friendly,3,0.69,1
0140,Medium,7,4,8,2,10,8.18,2,4,Organic Search,Eco-Friendly,5,0.59,1
0141,Medium,7,2,2,3,8,9.08,4,1,Ads,Eco-Friendly,2,0.41,0
0142,Medium,7,2,4,6,6,0.0,4,0,Ads,Eco-Friendly,1,0.4,0
0143,Low,3,5,3,3,9,8.89,7,1,Organic Search,Non-Eco-Friendly,4,0.43,0
0144,Medium,6,4,2,10,3,14.85,6,2,Organic Search,Non-Eco-Friendly,3,0.49,0
0145,High,8,7,6,8,10,6.84,4,0,Ads,Eco-Friendly,5,0.65,1
0146,High,4,5,4,6,10,10.26,3,3,Organic Search,Non-Eco-Friendly,3,0.52,1
0147,Low,8,6,6,7,9,6.22,5,2,Social Media,Non-Eco-Friendly,4,0.64,1
0148,Low,2,10,2,1,4,11.8,2,5,Email,Non-Eco-Friendly,5,0.45,0
0149,Low,10,4,4,3,7,8.92,6,3,Social Media,Non-Eco-Friendly,4,0.56,1
0150,Medium,9,2,6,3,9,5.3,2,3,Email,Eco-Friendly,5,0.53,1
0151,High,9,10,5,2,2,16.66,6,1,Email,Non-Eco-Friendly,2,0.64,1
0152,Low,8,9,3,7,2,14.64,3,2,Ads,Eco-Friendly,5,0.6,1
0153,Medium,10,10,8,9,9,6.98,2,4,Email,Non-Eco-Friendly,4,0.82,1
0154,High,10,7,7,4,3,12.49,5,2,Social Media,Non-Eco-Friendly,1,0.66,1
0155,Medium,1,4,3,5,9,12.69,3,1,Ads,Eco-Friendly,2,0.39,0
0156,Medium,2,3,6,3,5,13.21,2,2,Organic Search,Eco-Friendly,3,0.4,0
0157,Medium,6,10,4,9,6,1.53,2,5,Social Media,Non-Eco-Friendly,2,0.62,1
0158,Medium,10,3,5,4,2,15.03,1,3,Ads,Non-Eco-Friendly,2,0.53,1
0159,Low,5,9,5,5,8,7.15,4,1,Email,Eco-Friendly,3,0.58,1
0160,Medium,9,5,7,1,9,8.21,2,4,Social Media,Non-Eco-Friendly,5,0.61,1
0161,Medium,5,3,5,2,2,23.19,3,0,Email,Eco-Friendly,2,0.43,0
0162,High,2,5,3,9,6,11.51,2,2,Ads,Eco-Friendly,2,0.44,0
0163,Medium,10,2,10,2,6,8.07,3,2,Ads,Eco-Friendly,1,0.6,1
0164,Medium,4,4,5,5,8,0.0,2,2,Organic Search,Non-Eco-Friendly,1,0.42,0
0165,Low,9,10,7,8,10,16.95,0,5,Organic Search,Eco-Friendly,4,0.83,1
0166,Medium,1,2,5,3,5,3.27,2,1,Social Media,Eco-Friendly,3,0.28,0
0167,Low,1,2,5,6,9,4.98,3,1,Organic Search,Non-Eco-Friendly,5,0.36,0
0168,Low,7,8,9,4,1,8.34,1,1,Email,Eco-Friendly,5,0.59,1
0169,Medium,3,1,3,7,9,17.08,2,1,Email,Non-Eco-Friendly,4,0.41,0
0170,High,10,7,6,10,10,13.87,3,2,Organic Search,Non-Eco-Friendly,5,0.76,1
0171,Low,2,5,1,3,7,9.21,1,3,Organic Search,Eco-Friendly,5,0.34,0
0172,Medium,9,8,10,6,4,11.54,4,3,Organic Search,Non-Eco-Friendly,1,0.75,1
0173,High,3,1,5,10,3,7.0,1,2,Social Media,Non-Eco-Friendly,5,0.37,0
0174,Low,2,7,8,9,10,10.7,5,1,Social Media,Non-Eco-Friendly,5,0.62,1
0175,Medium,8,5,5,10,6,10.37,1,1,Email,Eco-Friendly,4,0.59,1
0176,Medium,10,4,9,1,1,14.84,1,4,Social Media,Eco-Friendly,4,0.6,1
0177,Medium,6,7,6,3,3,14.84,5,2,Social Media,Eco-Friendly,2,0.56,1
0178,Low,6,10,8,2,2,12.47,0,1,Ads,Non-Eco-Friendly,5,0.59,1
0179,Medium,10,2,10,8,9,8.19,2,1,Email,Eco-Friendly,5,0.67,1
0180,Medium,7,1,8,7,3,13.71,2,5,Email,Eco-Friendly,5,0.55,1
0181,Medium,7,1,3,2,2,9.54,4,1,Organic Search,Non-Eco-Friendly,1,0.34,0
0182,Low,6,1,7,6,4,4.59,2,2,Ads,Eco-Friendly,5,0.43,0
0183,Medium,4,5,7,3,2,7.98,4,4,Organic Search,Non-Eco-Friendly,1,0.47,0
0184,Low,9,10,10,8,1,10.42,5,2,Social Media,Eco-Friendly,2,0.77,1
0185,Medium,6,7,6,10,6,14.55,2,2,Email,Non-Eco-Friendly,3,0.64,1
0186,Low,4,2,7,3,10,9.08,3,1,Social Media,Non-Eco-Friendly,5,0.46,0
0187,High,3,10,2,10,8,3.95,4,1,Social Media,Non-Eco-Friendly,4,0.53,1
0188,Medium,4,8,9,9,10,10.28,5,1,Ads,Non-Eco-Friendly,4,0.7,1
0189,Medium,3,4,10,1,10,10.57,2,2,Ads,Eco-Friendly,5,0.53,1
0190,Low,2,3,10,5,2,10.93,4,2,Email,Non-Eco-Friendly,1,0.46,0
0191,Medium,5,10,1,3,9,14.6,4,0,Email,Non-Eco-Friendly,4,0.53,1
0192,High,2,8,1,6,3,15.09,2,3,Ads,Non-Eco-Friendly,4,0.43,0
0193,High,6,2,3,10,8,7.03,3,3,Ads,Non-Eco-Friendly,2,0.48,0
0194,Medium,3,3,3,2,8,6.92,0,1,Ads,Non-Eco-Friendly,2,0.32,0
0195,Medium,6,3,1,9,3,4.8,7,3,Ads,Non-Eco-Friendly,2,0.41,0
0196,Medium,10,10,7,6,3,13.49,0,4,Email,Eco-Friendly,4,0.74,1
0197,High,9,1,4,7,6,17.24,0,4,Email,Non-Eco-Friendly,4,0.54,1
0198,Medium,1,6,10,5,1,8.42,1,2,Social Media,Eco-Friendly,5,0.47,0
0199,Medium,6,2,2,9,4,8.79,1,1,Social Media,Non-Eco-Friendly,5,0.39,0
0200,Medium,9,1,10,1,1,17.33,0,0,Social Media,Non-Eco-Friendly,1,0.51,1
0201,Medium,4,2,5,5,3,12.53,1,3,Email,Eco-Friendly,4,0.4,0
0202,Low,2,6,6,10,9,12.18,5,2,Organic Search,Non-Eco-Friendly,5,0.58,1
0203,Medium,4,4,9,6,5,4.05,0,0,Social Media,Non-Eco-Friendly,5,0.47,0
0204,Medium,1,6,4,7,5,13.39,6,5,Organic Search,Eco-Friendly,2,0.49,0
0205,Medium,3,9,2,4,4,5.35,3,4,Organic Search,Eco-Friendly,2,0.44,0
0206,Low,10,10,5,1,3,4.33,4,1,Organic Search,Eco-Friendly,2,0.59,1
0207,Medium,9,10,3,8,5,8.27,0,4,Ads,Eco-Friendly,3,0.65,1
0208,Medium,10,8,2,10,4,7.07,7,3,Email,Non-Eco-Friendly,5,0.64,1
0209,Medium,5,1,1,4,8,8.89,4,4,Email,Eco-Friendly,2,0.36,0
0210,Low,6,8,10,3,4,2.8,0,3,Social Media,Eco-Friendly,2,0.59,1
0211,Medium,3,9,2,7,8,14.79,2,1,Social Media,Eco-Friendly,4,0.52,1
0212,Medium,5,6,6,2,6,15.64,8,3,Email,Non-Eco-Friendly,2,0.57,1
0213,Medium,8,10,8,8,5,0.26,3,2,Ads,Eco-Friendly,4,0.69,1
0214,Medium,6,5,3,6,4,14.89,2,2,Email,Non-Eco-Friendly,1,0.48,0
0215,Medium,4,6,9,7,4,5.95,3,2,Organic Search,Non-Eco-Friendly,2,0.55,1
0216,High,2,6,9,5,4,14.28,4,1,Email,Non-Eco-Friendly,4,0.53,1
0217,Low,9,9,2,9,9,9.66,1,5,Ads,Non-Eco-Friendly,2,0.68,1
0218,High,1,4,8,5,4,10.14,5,4,Email,Eco-Friendly,1,0.47,0
0219,Medium,1,2,10,5,9,9.07,1,1,Email,Eco-Friendly,2,0.46,0
0220,Low,4,9,5,3,10,16.06,5,3,Email,Non-Eco-Friendly,4,0.63,1
0221,Low,7,2,4,1,6,3.8,2,3,Organic Search,Eco-Friendly,1,0.39,0
0222,Medium,1,10,10,2,10,13.04,1,4,Social Media,Eco-Friendly,1,0.65,1
0223,Medium,9,9,5,8,7,15.51,0,1,Ads,Eco-Friendly,1,0.7,1
0224,Medium,4,2,4,1,10,13.58,2,1,Organic Search,Eco-Friendly,3,0.4,0
0225,Medium,3,8,8,7,3,21.62,1,2,Email,Non-Eco-Friendly,4,0.61,1
0226,Medium,1,9,4,5,8,7.36,2,1,Email,Eco-Friendly,3,0.47,0
0227,Medium,10,10,10,3,3,14.79,0,1,Social Media,Eco-Friendly,1,0.74,1
0228,Low,4,9,6,7,1,9.47,3,0,Social Media,Non-Eco-Friendly,3,0.52,1
0229,Medium,9,10,2,9,10,16.17,6,2,Social Media,Eco-Friendly,2,0.74,1
0230,Medium,10,9,5,2,5,9.96,2,2,Organic Search,Eco-Friendly,3,0.63,1
0231,Low,6,2,6,8,2,8.06,0,1,Ads,Eco-Friendly,5,0.43,0
0232,Low,6,4,5,9,10,16.53,2,1,Social Media,Non-Eco-Friendly,1,0.59,1
0233,Medium,1,7,2,3,6,7.54,1,3,Email,Eco-Friendly,1,0.36,0
0234,Medium,10,2,7,2,10,2.94,6,2,Ads,Eco-Friendly,4,0.56,1
0235,High,2,1,4,7,9,7.42,4,1,Email,Non-Eco-Friendly,2,0.37,0
0236,High,6,3,8,5,1,13.1,1,1,Email,Eco-Friendly,4,0.48,0
0237,Medium,2,4,7,5,4,16.96,2,1,Ads,Non-Eco-Friendly,3,0.45,0
0238,Medium,3,8,7,10,1,10.56,5,2,Organic Search,Non-Eco-Friendly,5,0.57,1
0239,Medium,4,6,9,5,1,16.59,2,4,Ads,Non-Eco-Friendly,5,0.57,1
0240,Medium,5,2,1,4,8,3.21,3,1,Social Media,Eco-Friendly,5,0.32,0
0241,Low,9,9,10,5,2,7.78,2,0,Ads,Eco-Friendly,5,0.68,1
0242,Medium,4,2,6,4,1,8.56,1,1,Social Media,Eco-Friendly,2,0.35,0
0243,High,9,5,6,6,8,9.43,5,2,Social Media,Eco-Friendly,3,0.63,1
0244,Medium,10,4,6,4,4,10.42,3,0,Ads,Eco-Friendly,5,0.55,1
0245,Medium,3,7,6,2,3,13.45,3,3,Ads,Non-Eco-Friendly,1,0.48,0
0246,Medium,8,8,10,9,4,7.78,2,1,Social Media,Non-Eco-Friendly,3,0.71,1
0247,Low,1,5,7,2,5,10.7,5,1,Email,Non-Eco-Friendly,2,0.42,0
0248,Medium,9,10,10,9,1,9.77,2,7,Ads,Non-Eco-Friendly,5,0.81,1
0249,Medium,9,5,6,10,1,5.37,2,1,Organic Search,Eco-Friendly,2,0.56,1
0250,Low,10,2,1,6,3,9.43,2,1,Social Media,Non-Eco-Friendly,5,0.42,0
0251,Low,2,8,3,9,6,9.28,0,0,Email,Non-Eco-Friendly,1,0.46,0
0252,High,4,2,2,9,1,9.17,3,5,Ads,Eco-Friendly,3,0.37,0
0253,Low,8,10,6,3,2,10.16,5,1,Ads,Non-Eco-Friendly,1,0.62,1
0254,Medium,7,6,8,1,7,10.38,2,2,Email,Eco-Friendly,5,0.58,1
0255,Low,1,8,3,1,1,7.84,2,0,Organic Search,Eco-Friendly,4,0.31,0
0256,High,5,6,10,3,7,16.36,4,2,Social Media,Eco-Friendly,3,0.64,1
0257,Low,7,4,8,5,4,4.15,5,2,Ads,Non-Eco-Friendly,2,0.54,1
0258,Medium,4,4,8,3,10,6.4,4,4,Organic Search,Non-Eco-Friendly,5,0.54,1
0259,High,1,6,5,9,6,23.9,2,2,Social Media,Non-Eco-Friendly,1,0.54,1
0260,High,9,4,8,9,8,4.81,2,2,Organic Search,Non-Eco-Friendly,4,0.64,1
0261,Low,5,8,6,3,9,3.23,2,2,Social Media,Non-Eco-Friendly,5,0.55,1
0262,High,2,9,5,3,6,13.67,2,0,Social Media,Non-Eco-Friendly,2,0.49,0
0263,Medium,8,1,9,5,9,0.0,2,5,Organic Search,Eco-Friendly,1,0.56,1
0264,Medium,2,4,7,2,4,8.82,3,1,Social Media,Eco-Friendly,3,0.39,0
0265,Low,3,4,8,6,6,20.73,5,6,Ads,Non-Eco-Friendly,4,0.61,1
0266,Low,10,2,1,7,8,2.28,3,3,Ads,Non-Eco-Friendly,5,0.47,0
0267,Medium,1,6,2,9,9,0.09,3,3,Organic Search,Eco-Friendly,5,0.41,0
0268,Medium,2,3,8,6,3,2.5,5,2,Organic Search,Eco-Friendly,5,0.41,0
0269,Medium,7,7,9,3,2,14.49,4,1,Social Media,Eco-Friendly,5,0.61,1
0270,Medium,10,5,4,5,6,15.62,1,5,Social Media,Non-Eco-Friendly,1,0.62,1
0271,Medium,2,4,10,4,4,7.44,2,0,Organic Search,Non-Eco-Friendly,3,0.45,0
0272,Low,6,5,10,5,1,13.42,1,2,Email,Non-Eco-Friendly,2,0.57,1
0273,Medium,3,8,9,8,8,16.95,5,3,Organic Search,Eco-Friendly,4,0.7,1
0274,Low,4,3,4,8,9,18.94,0,1,Email,Non-Eco-Friendly,5,0.49,0
0275,Medium,8,7,10,6,9,8.77,5,2,Email,Non-Eco-Friendly,5,0.74,1
0276,Medium,3,6,10,1,2,0.0,4,1,Organic Search,Non-Eco-Friendly,3,0.44,0
0277,High,10,1,10,8,9,5.9,3,2,Organic Search,Non-Eco-Friendly,3,0.65,1
0278,Low,6,7,9,8,7,7.87,3,1,Organic Search,Non-Eco-Friendly,1,0.65,1
0279,Low,1,7,7,2,5,8.71,3,1,Email,Non-Eco-Friendly,1,0.44,0
0280,Low,7,1,2,4,7,9.06,1,4,Ads,Eco-Friendly,1,0.4,0
0281,Low,8,9,9,2,9,15.59,1,3,Ads,Non-Eco-Friendly,4,0.74,1
0282,Low,8,6,4,4,8,16.37,2,3,Organic Search,Eco-Friendly,1,0.6,1
0283,High,3,2,8,10,6,9.14,3,1,Organic Search,Eco-Friendly,5,0.49,0
0284,Low,10,5,7,7,4,15.49,3,1,Social Media,Eco-Friendly,1,0.65,1
0285,Low,1,4,7,9,1,11.79,3,3,Social Media,Non-Eco-Friendly,4,0.44,0
0286,Medium,9,7,8,8,6,10.32,4,5,Social Media,Non-Eco-Friendly,1,0.74,1
0287,Medium,6,8,1,9,3,14.53,5,1,Organic Search,Non-Eco-Friendly,1,0.53,1
0288,Medium,9,1,5,8,6,10.36,2,5,Ads,Non-Eco-Friendly,5,0.55,1
0289,Low,7,5,2,2,6,20.29,2,1,Ads,Eco-Friendly,5,0.48,0
0290,Medium,1,3,2,7,4,2.81,3,2,Organic Search,Non-Eco-Friendly,5,0.28,0
0291,Low,1,1,1,2,2,7.42,2,2,Organic Search,Eco-Friendly,1,0.17,0
0292,Low,6,3,5,2,9,9.37,4,1,Email,Non-Eco-Friendly,5,0.47,0
0293,High,5,6,2,4,2,12.2,5,2,Email,Non-Eco-Friendly,3,0.43,0
0294,Low,9,7,4,1,3,16.34,4,2,Ads,Eco-Friendly,2,0.56,1
0295,Medium,2,8,3,5,10,9.88,4,2,Social Media,Eco-Friendly,2,0.5,0
0296,Medium,8,4,3,6,1,2.89,5,2,Ads,Eco-Friendly,5,0.43,0
0297,Medium,5,3,2,9,7,14.21,2,3,Email,Non-Eco-Friendly,4,0.47,0
0298,High,2,5,6,10,1,13.77,5,0,Ads,Eco-Friendly,5,0.46,0
0299,Low,10,9,2,8,9,0.29,1,4,Email,Eco-Friendly,5,0.64,1
0300,Medium,6,6,8,2,1,9.98,2,1,Email,Eco-Friendly,1,0.5,0
0301,High,10,9,8,1,5,2.05,3,0,Social Media,Non-Eco-Friendly,4,0.63,1
0302,Medium,8,6,5,2,7,6.68,3,1,Social Media,Eco-Friendly,5,0.53,1
0303,High,4,2,10,7,3,5.49,3,0,Email,Eco-Friendly,3,0.46,0
0304,Low,2,5,7,4,9,14.05,2,1,Organic Search,Non-Eco-Friendly,2,0.5,1
0305,Medium,5,9,4,10,8,10.58,5,1,Social Media,Eco-Friendly,3,0.63,1
0306,Low,2,8,1,5,3,3.57,3,2,Email,Eco-Friendly,3,0.35,0
0307,Medium,2,7,2,7,5,14.4,2,2,Organic Search,Eco-Friendly,3,0.44,0
0308,High,6,1,10,3,7,2.83,3,0,Organic Search,Non-Eco-Friendly,4,0.47,0
0309,Low,10,4,10,10,4,11.65,6,2,Ads,Eco-Friendly,4,0.73,1
0310,Medium,9,7,4,2,5,5.93,8,2,Ads,Eco-Friendly,4,0.56,1
0311,Low,4,7,1,7,3,8.17,3,3,Social Media,Eco-Friendly,2,0.43,0
0312,Medium,6,6,8,5,9,12.52,0,5,Organic Search,Eco-Friendly,1,0.65,1
0313,Medium,7,8,9,1,10,12.61,5,2,Social Media,Eco-Friendly,5,0.7,1
0314,High,6,6,4,1,9,16.68,3,1,Email,Eco-Friendly,5,0.53,1
0315,Medium,8,10,10,9,7,9.59,4,2,Social Media,Eco-Friendly,1,0.81,1
0316,Medium,4,3,3,5,10,11.53,3,0,Organic Search,Non-Eco-Friendly,5,0.42,0
0317,Low,1,4,2,1,2,7.81,2,5,Ads,Non-Eco-Friendly,3,0.27,0
0318,Low,7,3,5,7,7,10.91,3,1,Social Media,Non-Eco-Friendly,2,0.52,1
0319,Low,3,1,3,9,7,12.2,1,1,Ads,Eco-Friendly,5,0.38,0
0320,Low,6,10,10,1,5,9.51,3,1,Social Media,Non-Eco-Friendly,2,0.65,1
0321,High,2,5,7,10,9,0.98,0,2,Email,Eco-Friendly,1,0.49,0
0322,Medium,9,1,6,4,3,11.66,1,1,Organic Search,Eco-Friendly,5,0.46,0
0323,Medium,1,1,1,3,4,11.82,3,3,Social Media,Eco-Friendly,2,0.23,0
0324,Low,6,2,8,5,1,6.6,1,4,Email,Non-Eco-Friendly,3,0.46,0
0325,High,6,4,2,7,6,3.58,0,2,Email,Non-Eco-Friendly,3,0.41,0
0326,Medium,5,6,5,8,4,17.38,0,2,Email,Eco-Friendly,1,0.55,1
0327,Low,5,8,9,2,1,12.46,4,2,Ads,Eco-Friendly,4,0.57,1
0328,Medium,1,3,8,7,2,8.85,3,2,Ads,Non-Eco-Friendly,5,0.41,0
0329,Medium,10,1,2,1,3,4.31,4,1,Email,Non-Eco-Friendly,3,0.35,0
0330,Low,5,3,9,7,9,5.89,7,2,Email,Non-Eco-Friendly,3,0.58,1
0331,Medium,2,3,5,8,8,16.51,3,2,Social Media,Non-Eco-Friendly,1,0.48,0
0332,Medium,7,5,10,2,7,10.69,1,2,Social Media,Non-Eco-Friendly,3,0.61,1
0333,Low,3,4,6,9,4,7.25,3,5,Organic Search,Non-Eco-Friendly,5,0.49,0
0334,High,4,4,3,1,1,12.55,3,2,Social Media,Non-Eco-Friendly,1,0.34,0
0335,High,3,9,3,6,8,5.93,2,3,Organic Search,Eco-Friendly,2,0.51,1
0336,Medium,3,7,10,1,4,17.5,7,0,Organic Search,Eco-Friendly,1,0.57,1
0337,Medium,4,4,8,3,3,16.76,2,2,Organic Search,Non-Eco-Friendly,5,0.49,0
0338,Medium,5,3,10,6,9,7.67,4,2,Ads,Non-Eco-Friendly,5,0.59,1
0339,Medium,1,6,10,3,10,6.86,3,1,Social Media,Eco-Friendly,2,0.53,1
0340,Medium,4,3,2,8,4,0.0,2,2,Email,Non-Eco-Friendly,1,0.33,0
0341,Low,8,6,2,5,4,2.59,0,1,Organic Search,Eco-Friendly,5,0.43,0
0342,Medium,10,9,5,2,9,3.3,7,2,Email,Eco-Friendly,5,0.66,1
0343,High,7,6,6,4,2,10.68,5,4,Organic Search,Non-Eco-Friendly,2,0.56,1
0344,Medium,9,4,2,9,5,8.37,5,3,Social Media,Eco-Friendly,4,0.54,1
0345,Low,5,5,5,4,4,3.27,1,1,Organic Search,Non-Eco-Friendly,1,0.41,0
0346,Medium,10,6,7,10,9,8.59,4,3,Social Media,Non-Eco-Friendly,5,0.74,1
0347,Low,4,3,10,10,5,12.53,4,3,Email,Eco-Friendly,3,0.6,1
0348,Low,8,8,10,8,9,12.64,2,4,Social Media,Eco-Friendly,2,0.8,1
0349,Low,9,4,8,5,9,0.5,1,3,Email,Eco-Friendly,4,0.6,1
0350,Medium,7,8,7,10,2,9.36,4,1,Social Media,Non-Eco-Friendly,4,0.64,1
0351,Medium,7,10,8,1,9,3.08,5,2,Organic Search,Non-Eco-Friendly,2,0.66,1
0352,Medium,5,10,9,7,3,14.51,5,2,Organic Search,Non-Eco-Friendly,4,0.7,1
0353,Low,4,3,5,3,4,13.92,2,2,Social Media,Non-Eco-Friendly,5,0.41,0
0354,High,10,10,5,10,1,5.51,6,3,Email,Non-Eco-Friendly,4,0.7,1
0355,High,1,7,10,8,1,6.17,3,2,Email,Non-Eco-Friendly,1,0.52,1
0356,High,10,9,4,3,1,7.69,4,0,Email,Non-Eco-Friendly,3,0.56,1
0357,Low,10,4,9,1,9,0.0,4,1,Social Media,Eco-Friendly,5,0.59,1
0358,Medium,7,8,5,5,8,11.68,2,1,Social Media,Non-Eco-Friendly,2,0.61,1
0359,High,1,3,2,2,5,8.64,10,1,Social Media,Eco-Friendly,3,0.29,0
0360,Medium,1,7,10,4,5,14.85,4,1,Social Media,Eco-Friendly,5,0.55,1
0361,Low,5,3,8,1,9,4.51,3,3,Email,Non-Eco-Friendly,3,0.49,0
0362,Low,9,7,7,9,3,6.9,0,0,Email,Eco-Friendly,4,0.61,1
0363,Medium,6,10,8,6,3,2.47,2,2,Ads,Eco-Friendly,2,0.61,1
0364,High,3,10,3,8,7,4.98,2,1,Social Media,Eco-Friendly,2,0.51,1
0365,Medium,3,6,4,4,9,4.09,1,2,Ads,Non-Eco-Friendly,1,0.44,0
0366,Medium,7,2,5,9,6,14.98,4,1,Social Media,Eco-Friendly,4,0.53,1
0367,Low,6,3,6,2,2,6.51,4,1,Ads,Non-Eco-Friendly,1,0.4,0
0368,Medium,9,6,1,9,1,10.62,2,1,Email,Non-Eco-Friendly,1,0.49,0
0369,High,6,4,4,5,2,8.1,3,2,Email,Non-Eco-Friendly,4,0.43,0
0370,Medium,5,6,10,6,1,3.65,6,2,Ads,Eco-Friendly,5,0.56,1
0371,Medium,10,1,5,3,10,9.16,2,2,Organic Search,Eco-Friendly,1,0.53,1
0372,High,7,10,7,4,10,13.0,2,2,Social Media,Non-Eco-Friendly,3,0.71,1
0373,Low,1,1,5,6,9,3.96,4,1,Ads,Non-Eco-Friendly,5,0.34,0
0374,Medium,7,3,1,7,10,14.05,5,1,Ads,Non-Eco-Friendly,4,0.5,0
0375,Low,3,8,7,1,8,5.75,2,2,Organic Search,Eco-Friendly,2,0.51,1
0376,Medium,9,8,8,7,7,7.59,2,2,Email,Eco-Friendly,5,0.71,1
0377,Medium,6,4,7,1,3,12.65,4,3,Ads,Eco-Friendly,1,0.49,0
0378,Medium,9,6,4,5,8,6.68,3,2,Email,Eco-Friendly,3,0.58,1
0379,Medium,5,8,8,6,2,10.19,4,1,Social Media,Eco-Friendly,4,0.58,1
0380,Medium,7,7,5,2,2,8.43,3,2,Organic Search,Eco-Friendly,2,0.5,0
0381,High,4,7,10,10,10,10.65,2,2,Email,Eco-Friendly,3,0.7,1
0382,Medium,7,4,9,9,3,0.0,5,2,Ads,Non-Eco-Friendly,2,0.57,1
0383,Low,1,9,10,10,7,0.85,0,2,Organic Search,Eco-Friendly,4,0.59,1
0384,Medium,7,10,5,6,1,13.08,4,2,Organic Search,Non-Eco-Friendly,5,0.62,1
0385,Medium,8,6,1,7,8,15.19,3,1,Organic Search,Eco-Friendly,1,0.55,1
0386,Medium,5,3,9,10,7,5.45,1,0,Organic Search,Non-Eco-Friendly,4,0.54,1
0387,High,2,5,5,8,4,8.78,4,1,Organic Search,Eco-Friendly,3,0.43,0
0388,High,5,5,6,10,5,11.47,4,5,Social Media,Eco-Friendly,5,0.6,1
0389,Low,6,5,4,1,10,13.47,3,4,Social Media,Eco-Friendly,2,0.53,1
0390,High,2,8,6,8,1,0.0,0,3,Organic Search,Non-Eco-Friendly,5,0.44,0
0391,Low,6,9,8,4,4,5.57,3,2,Ads,Eco-Friendly,5,0.6,1
0392,Low,6,9,3,10,1,8.34,5,2,Ads,Eco-Friendly,3,0.56,1
0393,Low,1,6,5,8,1,13.52,1,2,Social Media,Non-Eco-Friendly,1,0.42,0
0394,High,1,6,2,6,10,22.49,5,2,Email,Eco-Friendly,5,0.5,0
0395,Medium,10,9,2,9,1,8.86,2,0,Organic Search,Eco-Friendly,5,0.57,1
0396,Low,3,4,7,4,7,2.97,2,1,Ads,Non-Eco-Friendly,1,0.42,0
0397,Medium,10,6,10,2,7,12.01,2,1,Social Media,Eco-Friendly,1,0.69,1
0398,Medium,10,4,10,2,4,16.6,3,0,Social Media,Non-Eco-Friendly,2,0.64,1
0399,Low,3,1,10,5,2,10.54,5,4,Email,Non-Eco-Friendly,2,0.47,0
0400,High,4,7,6,10,3,5.47,5,2,Email,Non-Eco-Friendly,1,0.54,1
0401,High,2,10,4,9,8,14.79,2,0,Ads,Eco-Friendly,4,0.57,1
0402,Medium,9,6,5,3,8,13.32,3,2,Email,Eco-Friendly,1,0.61,1
0403,High,10,9,1,8,6,4.87,0,0,Email,Non-Eco-Friendly,2,0.56,1
0404,Medium,7,7,7,4,10,11.91,4,3,Organic Search,Non-Eco-Friendly,3,0.67,1
0405,High,7,7,8,6,9,14.99,2,2,Social Media,Eco-Friendly,3,0.69,1
0406,Medium,6,2,9,10,9,15.91,8,1,Social Media,Eco-Friendly,5,0.66,1
0407,Medium,3,9,8,6,4,9.67,5,1,Email,Eco-Friendly,3,0.58,1
0408,Low,6,10,5,3,1,8.21,4,3,Social Media,Non-Eco-Friendly,2,0.55,1
0409,High,8,9,3,5,1,16.14,3,3,Social Media,Eco-Friendly,3,0.59,1
0410,Medium,8,6,10,3,10,3.95,3,3,Ads,Non-Eco-Friendly,4,0.67,1
0411,Low,9,3,9,1,5,12.19,1,0,Social Media,Non-Eco-Friendly,1,0.55,1
0412,Low,1,1,6,7,2,3.15,1,0,Email,Eco-Friendly,1,0.27,0
0413,Medium,1,4,5,4,6,15.33,3,3,Ads,Eco-Friendly,2,0.42,0
0414,Medium,3,3,3,7,7,8.71,4,3,Social Media,Non-Eco-Friendly,5,0.41,0
0415,Medium,3,1,6,3,1,16.34,2,1,Social Media,Non-Eco-Friendly,1,0.34,0
0416,High,10,3,3,5,6,12.46,2,4,Ads,Eco-Friendly,3,0.54,1
0417,Low,8,4,10,5,8,3.88,4,0,Ads,Non-Eco-Friendly,4,0.61,1
0418,Medium,10,8,6,2,5,17.12,2,1,Social Media,Eco-Friendly,5,0.66,1
0419,Low,1,9,4,10,7,17.76,3,3,Organic Search,Eco-Friendly,5,0.58,1
0420,High,2,3,2,2,10,14.41,2,2,Organic Search,Non-Eco-Friendly,5,0.36,0
0421,High,2,6,8,4,6,6.19,1,2,Social Media,Non-Eco-Friendly,1,0.48,0
0422,Medium,3,10,4,4,4,8.47,4,1,Social Media,Eco-Friendly,5,0.49,0
0423,Medium,6,5,9,4,7,10.73,3,4,Ads,Non-Eco-Friendly,2,0.62,1
0424,Medium,1,6,7,6,10,6.48,2,2,Ads,Non-Eco-Friendly,3,0.5,1
0425,Medium,2,4,2,2,9,18.46,4,2,Social Media,Eco-Friendly,4,0.4,0
0426,High,1,10,4,6,10,10.72,2,1,Social Media,Non-Eco-Friendly,3,0.53,1
0427,Medium,5,6,5,7,10,0.0,3,4,Social Media,Eco-Friendly,2,0.55,1
0428,Medium,7,7,3,10,7,11.7,0,5,Social Media,Non-Eco-Friendly,2,0.62,1
0429,Medium,8,9,9,3,5,8.26,4,2,Organic Search,Eco-Friendly,3,0.68,1
0430,High,10,10,5,8,7,9.63,4,2,Ads,Non-Eco-Friendly,1,0.74,1
0431,Medium,1,7,2,2,3,8.16,3,0,Email,Non-Eco-Friendly,2,0.31,0
0432,Low,7,6,3,8,2,14.04,0,3,Social Media,Non-Eco-Friendly,5,0.52,1
0433,Medium,5,1,9,5,5,15.6,0,2,Social Media,Non-Eco-Friendly,4,0.5,0
0434,High,10,2,7,2,4,11.42,3,5,Social Media,Non-Eco-Friendly,4,0.56,1
0435,Low,1,1,2,7,5,8.3,2,6,Email,Non-Eco-Friendly,2,0.31,0
0436,Low,3,9,9,2,8,9.79,3,3,Ads,Non-Eco-Friendly,5,0.61,1
0437,Low,7,10,4,6,4,10.1,2,3,Ads,Non-Eco-Friendly,3,0.61,1
0438,Medium,10,10,9,10,9,5.99,6,3,Social Media,Eco-Friendly,4,0.86,1
0439,Medium,1,9,2,3,7,12.89,4,2,Social Media,Non-Eco-Friendly,5,0.44,0
0440,Medium,7,7,10,9,10,12.3,3,3,Ads,Non-Eco-Friendly,5,0.78,1
0441,Medium,5,2,4,3,7,17.7,4,2,Email,Non-Eco-Friendly,1,0.45,0
0442,Medium,1,6,5,3,8,16.28,6,0,Social Media,Non-Eco-Friendly,2,0.46,0
0443,Medium,1,4,2,5,6,6.57,3,2,Email,Non-Eco-Friendly,5,0.32,0
0444,High,1,1,10,7,8,14.1,0,2,Email,Eco-Friendly,3,0.48,0
0445,Medium,9,1,1,8,3,5.25,0,2,Ads,Eco-Friendly,4,0.38,0
0446,High,3,5,7,7,10,13.48,7,2,Social Media,Non-Eco-Friendly,1,0.59,1
0447,Medium,5,2,10,9,10,7.42,5,1,Organic Search,Non-Eco-Friendly,3,0.6,1
0448,Low,10,4,1,5,1,4.88,2,2,Ads,Non-Eco-Friendly,4,0.41,0
0449,Medium,9,1,8,10,6,11.4,6,5,Ads,Non-Eco-Friendly,2,0.66,1
0450,Medium,6,4,3,3,1,0.0,6,1,Organic Search,Eco-Friendly,3,0.34,0
0451,Medium,9,6,10,6,9,1.25,2,0,Social Media,Non-Eco-Friendly,4,0.67,1
0452,Low,8,10,6,5,2,9.11,4,2,Email,Eco-Friendly,1,0.64,1
0453,Low,8,4,7,4,2,10.41,2,0,Email,Non-Eco-Friendly,4,0.5,1
0454,High,1,1,10,2,7,8.15,1,3,Email,Eco-Friendly,5,0.41,0
0455,Low,9,7,1,7,2,2.1,5,2,Social Media,Eco-Friendly,1,0.49,0
0456,High,6,2,6,5,10,5.91,7,3,Ads,Eco-Friendly,3,0.52,1
0457,Low,9,9,7,4,8,11.96,0,4,Ads,Non-Eco-Friendly,2,0.72,1
0458,Medium,3,3,6,8,6,12.91,2,1,Ads,Non-Eco-Friendly,1,0.46,0
0459,Medium,3,8,4,9,7,9.92,0,1,Ads,Non-Eco-Friendly,1,0.52,1
0460,Medium,6,8,1,9,7,15.78,4,1,Ads,Non-Eco-Friendly,1,0.57,1
0461,Medium,9,3,9,3,6,11.99,5,2,Organic Search,Non-Eco-Friendly,4,0.61,1
0462,Low,7,4,4,3,10,6.26,2,1,Email,Eco-Friendly,5,0.48,0
0463,Low,3,2,7,5,9,8.6,1,3,Email,Eco-Friendly,2,0.46,0
0464,Medium,3,4,7,5,9,2.99,3,4,Social Media,Eco-Friendly,2,0.49,0
0465,Medium,2,9,2,10,7,9.46,2,2,Organic Search,Non-Eco-Friendly,5,0.51,1
0466,High,9,2,1,2,9,15.56,3,3,Ads,Eco-Friendly,4,0.47,0
0467,High,3,3,8,1,10,13.43,3,1,Ads,Non-Eco-Friendly,4,0.48,0
0468,Medium,5,4,8,8,3,17.01,5,1,Ads,Eco-Friendly,5,0.57,1
0469,Medium,9,5,7,3,3,8.49,4,4,Organic Search,Non-Eco-Friendly,5,0.58,1
0470,Medium,8,1,8,1,1,16.73,2,3,Social Media,Eco-Friendly,3,0.48,0
0471,Low,2,7,3,1,5,9.03,7,1,Organic Search,Non-Eco-Friendly,4,0.39,0
0472,High,3,10,2,2,4,17.36,3,3,Social Media,Eco-Friendly,1,0.49,0
0473,Medium,2,7,7,6,2,9.89,3,2,Email,Eco-Friendly,2,0.48,0
0474,Medium,8,9,8,6,9,13.54,0,2,Social Media,Eco-Friendly,4,0.74,1
0475,Low,6,4,1,3,3,17.38,6,4,Email,Non-Eco-Friendly,5,0.44,0
0476,Medium,6,6,10,4,8,9.03,3,2,Social Media,Eco-Friendly,1,0.64,1
0477,Medium,9,2,9,2,6,11.09,0,2,Email,Eco-Friendly,3,0.56,1
0478,High,8,4,4,2,5,16.44,6,4,Email,Eco-Friendly,3,0.54,1
0479,Medium,4,2,4,7,1,9.33,3,4,Ads,Non-Eco-Friendly,1,0.38,0
0480,Medium,4,10,3,1,4,3.4,6,2,Social Media,Eco-Friendly,1,0.46,0
0481,High,9,5,6,7,3,20.72,1,1,Ads,Non-Eco-Friendly,5,0.62,1
0482,Low,1,7,1,1,1,7.65,5,1,Email,Eco-Friendly,5,0.27,0
0483,Medium,2,1,6,6,5,10.79,4,2,Ads,Eco-Friendly,2,0.38,0
0484,Low,2,10,2,3,6,15.78,4,2,Organic Search,Non-Eco-Friendly,2,0.49,0
0485,Medium,6,10,9,8,2,6.96,4,2,Ads,Non-Eco-Friendly,3,0.67,1
0486,High,4,7,2,6,3,4.96,1,2,Social Media,Eco-Friendly,1,0.4,0
0487,Low,10,10,7,2,6,11.27,1,2,Ads,Non-Eco-Friendly,3,0.7,1
0488,High,3,6,1,8,4,1.03,9,2,Organic Search,Non-Eco-Friendly,5,0.39,0
0489,Low,3,6,7,5,9,8.56,6,2,Ads,Non-Eco-Friendly,4,0.55,1
0490,High,3,8,5,8,5,11.23,4,2,Email,Eco-Friendly,5,0.55,1
0491,Medium,6,8,8,8,4,8.65,2,6,Email,Eco-Friendly,4,0.67,1
0492,High,8,6,4,6,2,2.28,3,2,Email,Eco-Friendly,1,0.49,0
0493,Low,7,3,10,2,6,17.97,4,1,Social Media,Non-Eco-Friendly,1,0.6,1
0494,High,4,5,7,8,10,10.52,4,3,Ads,Non-Eco-Friendly,1,0.6,1
0495,Medium,4,2,6,6,2,17.16,2,1,Email,Non-Eco-Friendly,2,0.43,0
0496,Medium,10,5,5,6,7,8.7,1,5,Ads,Non-Eco-Friendly,2,0.63,1
0497,High,2,9,4,8,3,5.6,4,2,Organic Search,Eco-Friendly,4,0.48,0
0498,Low,1,10,7,1,9,11.35,1,1,Organic Search,Non-Eco-Friendly,3,0.53,1
0499,High,9,1,5,2,5,8.92,4,2,Social Media,Eco-Friendly,3,0.45,0
0500,Low,2,10,5,9,8,4.11,5,1,Ads,Non-Eco-Friendly,4,0.57,1
0501,Medium,8,5,1,8,6,17.35,2,0,Organic Search,Eco-Friendly,2,0.52,1
0502,Medium,9,6,2,7,10,6.89,4,5,Social Media,Eco-Friendly,5,0.61,1
0503,Low,4,7,5,7,8,0.8,2,3,Social Media,Non-Eco-Friendly,4,0.51,1
0504,Low,8,9,3,5,3,16.64,3,1,Email,Non-Eco-Friendly,3,0.59,1
0505,Low,9,6,2,2,3,7.48,4,4,Organic Search,Non-Eco-Friendly,4,0.49,0
0506,Medium,10,5,4,6,5,6.96,4,0,Ads,Eco-Friendly,4,0.54,1
0507,Medium,10,7,4,10,10,1.17,3,2,Organic Search,Non-Eco-Friendly,1,0.66,1
0508,Medium,5,1,4,3,3,18.7,5,0,Organic Search,Eco-Friendly,2,0.38,0
0509,Low,7,5,4,4,8,3.55,3,4,Ads,Non-Eco-Friendly,1,0.51,1
0510,Low,10,2,3,10,10,10.29,2,4,Ads,Eco-Friendly,2,0.6,1
0511,Medium,4,4,7,2,8,14.56,1,2,Email,Non-Eco-Friendly,4,0.5,0
0512,Low,1,7,9,2,2,12.11,4,2,Social Media,Eco-Friendly,2,0.48,0
0513,High,3,5,5,8,4,9.7,2,3,Ads,Eco-Friendly,3,0.47,0
0514,High,5,6,4,8,10,1.49,4,1,Ads,Eco-Friendly,1,0.52,1
0515,Medium,3,2,2,10,1,5.95,5,4,Organic Search,Non-Eco-Friendly,4,0.34,0
0516,Medium,7,3,2,6,4,10.94,0,0,Ads,Eco-Friendly,3,0.39,0
0517,High,9,7,5,5,4,6.06,2,2,Ads,Non-Eco-Friendly,2,0.57,1
0518,Low,6,2,7,8,10,11.02,2,0,Organic Search,Eco-Friendly,2,0.55,1
0519,Low,10,6,10,4,9,13.41,2,0,Organic Search,Non-Eco-Friendly,3,0.73,1
0520,Low,1,5,10,4,3,14.81,1,6,Organic Search,Non-Eco-Friendly,2,0.53,1
0521,Medium,7,10,9,5,2,3.87,2,2,Email,Eco-Friendly,1,0.64,1
0522,Low,3,1,7,1,9,20.98,2,1,Social Media,Eco-Friendly,5,0.44,0
0523,Medium,5,10,5,1,9,13.84,7,2,Ads,Non-Eco-Friendly,2,0.62,1
0524,High,10,4,10,2,1,9.99,2,4,Organic Search,Eco-Friendly,4,0.61,1
0525,High,4,2,10,8,6,15.45,3,1,Organic Search,Non-Eco-Friendly,2,0.56,1
0526,Medium,10,4,10,7,10,21.83,1,5,Social Media,Non-Eco-Friendly,4,0.81,1
0527,Low,5,1,6,10,8,2.81,4,1,Email,Non-Eco-Friendly,2,0.46,0
0528,High,5,2,3,9,3,8.87,2,0,Ads,Non-Eco-Friendly,2,0.37,0
0529,Medium,6,8,5,5,9,0.0,3,1,Email,Non-Eco-Friendly,4,0.55,1
0530,Low,10,6,8,2,2,10.96,5,1,Email,Non-Eco-Friendly,1,0.61,1
0531,Low,10,2,1,7,6,11.83,3,0,Email,Non-Eco-Friendly,5,0.46,0
0532,High,6,6,1,8,1,9.8,3,4,Organic Search,Non-Eco-Friendly,5,0.45,0
0533,Medium,8,10,7,7,7,6.73,3,1,Social Media,Non-Eco-Friendly,1,0.7,1
0534,High,8,9,5,7,3,0.0,4,2,Social Media,Eco-Friendly,2,0.58,1
0535,High,9,7,5,5,7,11.87,6,4,Social Media,Non-Eco-Friendly,5,0.67,1
0536,Medium,8,9,1,2,4,17.28,5,2,Email,Non-Eco-Friendly,1,0.55,1
0537,Medium,2,5,9,6,9,7.04,1,4,Ads,Non-Eco-Friendly,1,0.55,1
0538,Medium,10,7,1,4,5,12.2,4,2,Email,Eco-Friendly,5,0.55,1
0539,Medium,1,7,5,10,3,2.16,1,4,Social Media,Eco-Friendly,4,0.45,0
0540,Medium,10,3,10,2,8,12.29,3,4,Organic Search,Eco-Friendly,3,0.68,1
0541,Medium,2,7,9,9,6,8.03,4,3,Email,Eco-Friendly,4,0.6,1
0542,Medium,2,1,4,7,2,6.19,4,3,Organic Search,Eco-Friendly,2,0.31,0
0543,High,3,9,8,6,3,6.2,5,1,Social Media,Eco-Friendly,4,0.56,1
0544,Medium,10,10,6,5,8,8.03,3,1,Email,Non-Eco-Friendly,3,0.72,1
0545,Medium,7,6,3,3,10,11.91,1,3,Organic Search,Eco-Friendly,3,0.54,1
0546,Medium,2,5,4,10,7,3.44,1,2,Email,Eco-Friendly,1,0.43,0
0547,Medium,1,7,2,10,10,8.01,4,3,Social Media,Eco-Friendly,2,0.49,0
0548,Medium,6,5,1,4,6,9.79,5,1,Ads,Eco-Friendly,1,0.42,0
0549,Low,9,10,8,3,1,4.5,2,2,Social Media,Eco-Friendly,4,0.63,1
0550,Medium,3,5,1,8,9,18.98,4,2,Ads,Non-Eco-Friendly,4,0.48,0
0551,Low,6,10,1,3,3,5.73,6,2,Ads,Non-Eco-Friendly,5,0.48,0
0552,Medium,3,7,4,7,5,6.65,3,1,Social Media,Eco-Friendly,1,0.46,0
0553,Medium,1,10,10,7,7,5.11,3,2,Organic Search,Non-Eco-Friendly,1,0.62,1
0554,Medium,5,7,10,7,7,18.99,3,2,Email,Eco-Friendly,1,0.71,1
0555,High,10,3,6,7,3,12.76,2,1,Email,Non-Eco-Friendly,1,0.56,1
0556,Medium,4,3,9,2,4,5.32,4,2,Email,Non-Eco-Friendly,3,0.45,0
0557,Medium,7,10,1,10,10,15.53,2,4,Ads,Eco-Friendly,5,0.69,1
0558,Medium,6,3,7,3,7,11.0,1,3,Ads,Eco-Friendly,2,0.51,1
0559,Medium,10,6,10,10,8,11.29,2,0,Social Media,Eco-Friendly,2,0.77,1
0560,Low,7,6,5,9,2,8.28,2,4,Organic Search,Non-Eco-Friendly,2,0.56,1
0561,Low,5,3,8,3,9,6.25,4,2,Social Media,Non-Eco-Friendly,3,0.51,1
0562,Medium,4,3,7,2,7,11.69,4,2,Social Media,Eco-Friendly,5,0.47,0
0563,Medium,7,8,4,9,8,7.27,3,2,Organic Search,Eco-Friendly,5,0.62,1
0564,Low,7,8,4,10,6,19.08,4,3,Ads,Non-Eco-Friendly,3,0.69,1
0565,Low,6,7,6,9,6,3.65,4,0,Social Media,Eco-Friendly,1,0.57,1
0566,Low,8,10,6,4,9,17.68,1,1,Social Media,Non-Eco-Friendly,4,0.71,1
0567,High,4,4,9,9,4,9.44,5,1,Ads,Non-Eco-Friendly,1,0.55,1
0568,Medium,10,4,5,3,5,11.5,4,1,Email,Eco-Friendly,2,0.55,1
0569,Medium,5,3,8,7,9,14.17,1,2,Organic Search,Non-Eco-Friendly,1,0.58,1
0570,Low,4,5,5,7,1,6.85,5,1,Organic Search,Non-Eco-Friendly,3,0.43,0
0571,Medium,1,3,2,8,4,14.32,4,1,Email,Non-Eco-Friendly,2,0.34,0
0572,Low,8,8,6,10,7,0.0,1,1,Organic Search,Non-Eco-Friendly,4,0.62,1
0573,Low,1,7,9,4,9,6.4,2,3,Email,Eco-Friendly,2,0.54,1
0574,Medium,5,3,3,3,10,5.38,4,0,Social Media,Non-Eco-Friendly,1,0.4,0
0575,Low,6,9,1,3,6,3.73,2,1,Organic Search,Eco-Friendly,5,0.45,0
0576,Low,6,5,1,5,8,8.93,6,1,Organic Search,Non-Eco-Friendly,5,0.45,0
0577,Low,5,9,3,1,9,11.93,4,3,Social Media,Eco-Friendly,5,0.55,1
0578,Low,3,7,10,10,10,13.51,6,4,Ads,Non-Eco-Friendly,2,0.74,1
0579,Low,5,7,5,3,4,11.2,4,1,Ads,Non-Eco-Friendly,5,0.5,0
0580,Medium,8,6,3,6,1,6.67,4,2,Social Media,Eco-Friendly,3,0.48,0
0581,High,2,2,9,3,8,11.85,2,4,Organic Search,Non-Eco-Friendly,4,0.48,0
0582,Medium,6,9,8,5,2,10.62,1,2,Organic Search,Eco-Friendly,5,0.61,1
0583,Medium,9,6,3,9,1,14.68,3,0,Organic Search,Non-Eco-Friendly,3,0.55,1
0584,Low,8,8,9,2,7,13.88,2,0,Email,Eco-Friendly,3,0.67,1
0585,High,8,1,6,2,10,10.15,4,2,Ads,Eco-Friendly,2,0.51,1
0586,Medium,8,5,7,6,9,5.51,5,4,Organic Search,Non-Eco-Friendly,2,0.64,1
0587,Low,7,1,4,6,9,6.74,0,0,Ads,Non-Eco-Friendly,4,0.42,0
0588,Medium,8,10,4,8,3,7.25,5,0,Ads,Non-Eco-Friendly,4,0.61,1
0589,Low,6,8,2,2,6,8.42,3,0,Organic Search,Non-Eco-Friendly,1,0.46,0
0590,Medium,2,8,5,9,7,11.34,3,2,Social Media,Non-Eco-Friendly,4,0.55,1
0591,Medium,2,1,8,2,10,13.58,5,1,Social Media,Non-Eco-Friendly,2,0.44,0
0592,High,8,9,7,1,9,9.74,0,3,Ads,Non-Eco-Friendly,3,0.66,1
0593,Medium,1,2,7,10,2,10.08,3,1,Email,Non-Eco-Friendly,1,0.4,0
0594,Medium,6,9,6,2,8,10.72,1,3,Ads,Non-Eco-Friendly,4,0.61,1
0595,High,6,1,3,7,7,7.42,2,2,Ads,Eco-Friendly,3,0.41,0
0596,Low,4,10,5,8,4,5.37,3,1,Social Media,Eco-Friendly,2,0.55,1
0597,Low,10,9,1,5,2,1.22,1,2,Organic Search,Eco-Friendly,5,0.5,1
0598,Medium,3,4,7,6,8,6.52,1,2,Organic Search,Non-Eco-Friendly,1,0.48,0
0599,Medium,3,9,9,1,5,12.37,4,1,Email,Eco-Friendly,3,0.57,1
0600,Medium,1,7,1,6,6,6.49,5,3,Social Media,Non-Eco-Friendly,2,0.39,0
0601,High,3,6,2,8,7,8.81,5,1,Social Media,Non-Eco-Friendly,2,0.45,0
0602,Medium,4,5,3,3,10,12.33,2,1,Ads,Non-Eco-Friendly,1,0.45,0
0603,Medium,5,9,3,1,1,12.6,2,1,Social Media,Non-Eco-Friendly,1,0.44,0
0604,Medium,3,2,8,4,8,4.6,3,0,Ads,Eco-Friendly,4,0.42,0
0605,High,6,2,7,1,4,14.99,5,2,Email,Eco-Friendly,4,0.47,0
0606,High,5,9,6,8,9,15.64,6,2,Social Media,Eco-Friendly,1,0.7,1
0607,High,3,3,10,5,1,4.35,3,1,Social Media,Non-Eco-Friendly,1,0.43,0
0608,Low,6,8,10,1,2,5.88,1,2,Ads,Non-Eco-Friendly,3,0.56,1
0609,Medium,6,9,4,8,6,15.96,2,0,Social Media,Eco-Friendly,4,0.61,1
0610,Low,8,8,9,9,10,9.27,2,3,Organic Search,Non-Eco-Friendly,2,0.78,1
0611,Low,2,4,1,10,1,0.0,2,2,Email,Eco-Friendly,4,0.28,0
0612,Low,1,1,2,2,4,3.0,2,1,Organic Search,Eco-Friendly,4,0.18,0
0613,Medium,4,4,4,9,8,8.75,2,3,Ads,Eco-Friendly,1,0.49,0
0614,Medium,7,9,3,8,10,4.18,3,1,Ads,Non-Eco-Friendly,1,0.61,1
0615,Low,10,2,1,7,5,7.93,4,2,Ads,Eco-Friendly,4,0.46,0
0616,Medium,3,3,5,3,9,10.16,3,2,Email,Non-Eco-Friendly,5,0.43,0
0617,Medium,3,10,7,2,6,17.31,2,0,Social Media,Eco-Friendly,5,0.58,1
0618,Medium,5,8,2,7,1,8.55,2,6,Organic Search,Non-Eco-Friendly,4,0.49,0
0619,Low,5,6,5,5,6,15.36,5,2,Social Media,Non-Eco-Friendly,5,0.55,1
0620,Medium,10,8,6,6,6,17.14,3,0,Ads,Eco-Friendly,4,0.7,1
0621,Medium,3,7,7,4,6,17.17,2,3,Social Media,Non-Eco-Friendly,1,0.57,1
0622,Low,9,5,1,2,8,11.42,1,1,Email,Non-Eco-Friendly,1,0.47,0
0623,Low,4,9,7,9,6,0.18,5,1,Ads,Non-Eco-Friendly,1,0.59,1
0624,Medium,3,4,4,3,5,12.3,2,2,Social Media,Eco-Friendly,2,0.39,0
0625,High,2,6,8,7,2,15.24,2,2,Organic Search,Non-Eco-Friendly,1,0.52,1
0626,Medium,10,2,4,8,4,9.59,5,1,Ads,Eco-Friendly,1,0.52,1
0627,Medium,9,2,6,2,10,18.72,2,3,Ads,Eco-Friendly,4,0.59,1
0628,Medium,4,2,9,6,5,14.3,3,0,Email,Non-Eco-Friendly,5,0.5,0
0629,Medium,3,10,5,8,10,12.84,0,4,Email,Eco-Friendly,5,0.64,1
0630,Low,7,7,4,7,4,15.43,0,0,Organic Search,Eco-Friendly,1,0.55,1
0631,Medium,8,2,8,3,2,11.67,1,4,Social Media,Eco-Friendly,1,0.51,1
0632,High,2,2,9,1,7,0.0,4,0,Social Media,Eco-Friendly,1,0.36,0
0633,Medium,7,9,4,6,10,7.5,6,0,Ads,Eco-Friendly,4,0.63,1
0634,High,5,7,3,8,10,15.99,3,1,Ads,Non-Eco-Friendly,4,0.58,1
0635,Medium,5,3,8,6,2,5.96,1,2,Social Media,Non-Eco-Friendly,4,0.45,0
0636,Low,3,3,5,5,1,8.88,0,2,Social Media,Eco-Friendly,5,0.34,0
0637,High,5,7,2,8,5,4.78,0,3,Social Media,Eco-Friendly,2,0.46,0
0638,Low,2,5,10,2,1,18.92,0,3,Ads,Non-Eco-Friendly,5,0.49,0
0639,Medium,4,10,9,1,1,18.41,1,3,Email,Non-Eco-Friendly,4,0.61,1
0640,Low,6,6,3,1,1,5.58,3,0,Email,Non-Eco-Friendly,3,0.36,0
0641,Low,1,8,2,4,6,10.74,5,1,Organic Search,Eco-Friendly,2,0.41,0
0642,Medium,10,9,1,6,9,6.6,7,1,Social Media,Eco-Friendly,1,0.63,1
0643,Low,4,1,8,9,10,13.07,0,1,Social Media,Non-Eco-Friendly,5,0.53,1
0644,Medium,6,3,3,1,1,12.55,4,1,Social Media,Eco-Friendly,2,0.35,0
0645,Medium,9,7,7,1,5,14.06,2,1,Organic Search,Non-Eco-Friendly,3,0.61,1
0646,Low,2,6,1,5,9,11.66,2,3,Social Media,Non-Eco-Friendly,2,0.42,0
0647,Low,7,7,1,10,9,24.68,4,2,Email,Eco-Friendly,5,0.65,1
0648,Medium,6,8,9,5,1,4.86,0,5,Social Media,Non-Eco-Friendly,4,0.59,1
0649,Medium,2,6,8,5,8,1.45,3,1,Organic Search,Non-Eco-Friendly,1,0.48,0
0650,Medium,8,3,3,10,1,8.03,1,2,Ads,Non-Eco-Friendly,4,0.46,0
0651,Medium,7,2,6,6,8,2.16,3,1,Ads,Non-Eco-Friendly,4,0.48,0
0652,High,5,7,3,8,1,2.54,6,0,Email,Non-Eco-Friendly,5,0.43,0
0653,Medium,5,1,4,3,5,4.99,3,2,Email,Eco-Friendly,4,0.34,0
0654,Medium,7,3,1,9,8,5.39,5,1,Email,Non-Eco-Friendly,4,0.45,0
0655,Medium,9,4,5,1,6,5.23,2,1,Ads,Eco-Friendly,5,0.48,0
0656,Low,9,1,1,4,9,12.59,1,2,Social Media,Eco-Friendly,5,0.44,0
0657,Medium,9,5,1,9,1,7.47,4,2,Organic Search,Non-Eco-Friendly,3,0.48,0
0658,Medium,6,10,10,8,9,9.1,7,2,Organic Search,Non-Eco-Friendly,4,0.79,1
0659,Medium,10,3,7,10,1,14.47,2,4,Social Media,Non-Eco-Friendly,2,0.63,1
0660,Medium,6,2,6,9,10,6.17,4,1,Ads,Eco-Friendly,1,0.53,1
0661,High,3,3,2,1,10,8.68,4,1,Ads,Eco-Friendly,1,0.34,0
0662,High,1,8,2,9,3,11.83,0,3,Organic Search,Eco-Friendly,5,0.43,0
0663,High,7,6,7,3,1,0.29,5,3,Email,Non-Eco-Friendly,5,0.5,0
0664,Medium,4,7,1,10,3,0.0,7,2,Email,Non-Eco-Friendly,3,0.42,0
0665,Medium,1,6,2,9,2,11.73,1,2,Organic Search,Non-Eco-Friendly,4,0.37,0
0666,Medium,8,6,8,1,2,12.46,2,1,Organic Search,Non-Eco-Friendly,5,0.55,1
0667,Medium,6,3,6,1,9,20.32,3,4,Social Media,Non-Eco-Friendly,5,0.56,1
0668,Medium,6,8,2,9,8,10.79,1,2,Social Media,Eco-Friendly,1,0.57,1
0669,Medium,2,7,7,6,1,14.1,2,5,Social Media,Eco-Friendly,4,0.52,1
0670,Medium,1,7,4,4,4,9.02,2,3,Social Media,Eco-Friendly,3,0.41,0
0671,Medium,2,6,2,7,1,11.49,1,3,Social Media,Non-Eco-Friendly,5,0.37,0
0672,Low,4,5,6,5,1,18.34,7,1,Social Media,Non-Eco-Friendly,5,0.5,0
0673,Medium,2,10,9,10,4,0.0,0,4,Email,Eco-Friendly,5,0.6,1
0674,Low,1,8,9,7,2,12.07,8,0,Organic Search,Non-Eco-Friendly,1,0.55,1
0675,High,7,5,8,8,3,20.68,3,1,Ads,Eco-Friendly,5,0.64,1
0676,Medium,8,9,3,8,9,11.41,3,2,Social Media,Non-Eco-Friendly,5,0.66,1
0677,Low,6,9,3,1,2,18.25,0,0,Email,Non-Eco-Friendly,1,0.48,0
0678,Low,4,1,2,8,4,6.85,3,2,Organic Search,Non-Eco-Friendly,5,0.33,0
0679,Medium,6,6,5,6,1,9.84,1,1,Organic Search,Non-Eco-Friendly,4,0.47,0
0680,Medium,3,7,4,4,2,10.17,3,2,Organic Search,Eco-Friendly,4,0.43,0
0681,Medium,8,3,7,8,5,0.0,1,6,Social Media,Non-Eco-Friendly,1,0.56,1
0682,Low,10,7,4,3,10,4.16,1,3,Social Media,Eco-Friendly,4,0.61,1
0683,Medium,2,7,9,4,1,4.52,5,3,Ads,Eco-Friendly,3,0.49,0
0684,Medium,5,2,2,6,7,14.11,4,2,Social Media,Eco-Friendly,5,0.42,0
0685,Medium,1,7,6,7,4,14.36,9,3,Organic Search,Eco-Friendly,3,0.54,1
0686,Medium,6,1,7,4,6,11.62,2,2,Organic Search,Eco-Friendly,4,0.47,0
0687,Medium,2,5,4,4,8,14.12,2,1,Email,Non-Eco-Friendly,1,0.43,0
0688,Low,4,9,6,7,6,9.18,2,4,Email,Eco-Friendly,1,0.61,1
0689,High,6,7,7,6,2,16.01,2,4,Ads,Eco-Friendly,3,0.61,1
0690,Medium,10,7,4,8,1,10.04,4,5,Email,Eco-Friendly,4,0.63,1
0691,Medium,8,2,8,1,8,10.29,1,0,Ads,Eco-Friendly,5,0.51,1
0692,Low,8,8,9,10,8,8.67,2,1,Email,Eco-Friendly,4,0.74,1
0693,Medium,6,3,1,7,9,13.42,2,0,Organic Search,Non-Eco-Friendly,4,0.44,0
0694,Low,4,8,7,7,6,7.89,3,1,Social Media,Eco-Friendly,1,0.57,1
0695,Medium,8,3,9,7,1,14.88,1,1,Social Media,Non-Eco-Friendly,2,0.57,1
0696,High,8,10,10,7,9,4.34,1,1,Ads,Eco-Friendly,5,0.76,1
0697,Medium,10,7,5,10,3,4.51,5,0,Social Media,Non-Eco-Friendly,5,0.62,1
0698,Low,1,2,2,10,6,13.44,4,3,Social Media,Non-Eco-Friendly,1,0.38,0
0699,Low,4,4,10,8,10,9.56,7,2,Email,Non-Eco-Friendly,4,0.64,1
0700,Medium,4,6,6,9,10,7.73,1,0,Organic Search,Non-Eco-Friendly,1,0.55,1
0701,Low,7,9,7,9,9,14.45,2,1,Social Media,Non-Eco-Friendly,4,0.73,1
0702,Low,7,5,2,2,3,6.96,5,2,Organic Search,Non-Eco-Friendly,2,0.41,0
0703,Medium,8,9,2,7,5,9.0,4,7,Email,Non-Eco-Friendly,2,0.63,1
0704,Medium,5,5,10,7,5,17.0,5,5,Email,Eco-Friendly,3,0.68,1
0705,Low,7,10,10,4,10,17.7,4,3,Social Media,Non-Eco-Friendly,4,0.82,1
0706,High,8,8,1,9,7,17.86,3,0,Social Media,Eco-Friendly,1,0.6,1
0707,Low,9,1,4,8,4,8.59,4,1,Email,Eco-Friendly,1,0.47,0
0708,High,3,7,7,1,4,16.15,6,2,Email,Eco-Friendly,1,0.52,1
0709,Medium,3,4,9,2,7,5.26,4,1,Ads,Non-Eco-Friendly,3,0.47,0
0710,High,4,5,3,2,9,5.47,6,1,Ads,Eco-Friendly,5,0.42,0
0711,Medium,5,6,7,8,4,0.0,2,1,Organic Search,Non-Eco-Friendly,1,0.5,0
0712,High,10,5,7,1,4,18.36,4,5,Email,Non-Eco-Friendly,2,0.65,1
0713,High,1,1,7,4,6,5.68,0,2,Organic Search,Non-Eco-Friendly,1,0.33,0
0714,Low,7,9,2,10,6,9.37,3,1,Email,Eco-Friendly,1,0.59,1
0715,High,9,2,6,5,7,5.45,1,3,Organic Search,Eco-Friendly,1,0.52,1
0716,Medium,8,9,2,9,1,13.48,4,5,Ads,Non-Eco-Friendly,5,0.62,1
0717,Medium,5,10,6,7,3,8.12,2,1,Email,Non-Eco-Friendly,1,0.58,1
0718,Medium,4,2,10,8,9,3.48,3,3,Email,Non-Eco-Friendly,5,0.55,1
0719,Medium,7,9,3,9,6,12.21,4,1,Organic Search,Non-Eco-Friendly,5,0.62,1
0720,Low,5,6,2,7,6,2.83,5,3,Organic Search,Eco-Friendly,3,0.46,0
0721,Medium,7,9,6,5,5,5.81,2,5,Social Media,Eco-Friendly,2,0.63,1
0722,Medium,1,6,2,5,3,0.0,4,2,Social Media,Eco-Friendly,1,0.3,0
0723,Medium,1,6,5,10,5,2.88,5,1,Ads,Eco-Friendly,1,0.44,0
0724,High,10,2,2,6,1,10.89,4,0,Email,Eco-Friendly,1,0.42,0
0725,Medium,3,8,3,5,3,0.18,5,1,Email,Non-Eco-Friendly,5,0.4,0
0726,Medium,2,3,3,9,4,2.59,1,3,Organic Search,Non-Eco-Friendly,4,0.34,0
0727,Low,2,7,6,3,5,9.99,3,4,Ads,Eco-Friendly,2,0.48,0
0728,Low,7,5,6,3,10,7.28,5,1,Email,Non-Eco-Friendly,1,0.56,1
0729,Low,10,3,10,7,9,19.96,1,5,Ads,Eco-Friendly,4,0.77,1
0730,Medium,2,1,3,7,4,19.17,0,2,Social Media,Non-Eco-Friendly,4,0.35,0
0731,Low,4,8,3,6,3,5.66,1,3,Organic Search,Non-Eco-Friendly,4,0.45,0
0732,High,2,3,1,3,10,12.79,2,1,Email,Non-Eco-Friendly,2,0.33,0
0733,Medium,6,2,7,7,1,13.75,3,3,Organic Search,Eco-Friendly,4,0.49,0
0734,Medium,8,1,8,5,10,7.01,1,1,Social Media,Eco-Friendly,1,0.54,1
0735,Medium,10,4,2,7,6,2.52,2,5,Ads,Eco-Friendly,1,0.52,1
0736,Low,4,8,4,2,7,9.94,2,4,Ads,Non-Eco-Friendly,3,0.51,1
0737,Medium,5,3,10,6,10,9.14,5,2,Social Media,Non-Eco-Friendly,5,0.61,1
0738,Medium,4,1,7,8,8,7.82,1,3,Social Media,Non-Eco-Friendly,4,0.47,0
0739,Medium,3,4,8,1,1,12.21,3,1,Email,Non-Eco-Friendly,5,0.41,0
0740,Medium,5,9,1,4,4,6.25,2,2,Email,Non-Eco-Friendly,5,0.44,0
0741,High,9,1,4,1,5,4.24,4,1,Email,Eco-Friendly,5,0.39,0
0742,High,8,2,6,1,2,10.55,5,5,Email,Eco-Friendly,5,0.48,0
0743,Medium,8,9,3,10,1,11.93,3,1,Email,Non-Eco-Friendly,5,0.59,1
0744,Medium,8,2,5,8,8,4.12,3,2,Ads,Eco-Friendly,1,0.52,1
0745,Medium,8,3,10,7,6,14.64,3,0,Email,Non-Eco-Friendly,2,0.64,1
0746,Low,7,7,9,10,5,1.15,2,1,Social Media,Non-Eco-Friendly,4,0.64,1
0747,Medium,8,3,3,1,9,7.11,3,0,Social Media,Eco-Friendly,4,0.43,0
0748,Low,8,9,5,2,2,8.71,6,3,Email,Non-Eco-Friendly,1,0.58,1
0749,Medium,8,6,8,4,10,6.82,2,0,Social Media,Eco-Friendly,1,0.62,1
0750,Medium,10,3,6,1,8,7.17,1,4,Organic Search,Eco-Friendly,5,0.55,1
0751,Low,7,9,4,3,10,19.36,3,1,Ads,Eco-Friendly,2,0.65,1
0752,High,1,1,8,8,9,5.75,1,2,Ads,Non-Eco-Friendly,4,0.42,0
0753,High,4,10,3,8,1,22.21,4,2,Email,Eco-Friendly,3,0.58,1
0754,Medium,4,3,3,8,7,12.19,5,2,Organic Search,Non-Eco-Friendly,1,0.46,0
0755,Medium,5,1,4,6,8,10.46,2,1,Email,Non-Eco-Friendly,3,0.41,0
0756,High,10,2,9,6,3,12.38,3,2,Email,Non-Eco-Friendly,4,0.61,1
0757,Low,6,8,5,5,4,22.65,0,0,Social Media,Non-Eco-Friendly,1,0.58,1
0758,Medium,4,7,8,9,3,5.03,1,5,Ads,Non-Eco-Friendly,4,0.58,1
0759,Low,2,2,6,4,7,4.4,7,4,Organic Search,Non-Eco-Friendly,1,0.41,0
0760,Medium,6,2,3,10,9,6.23,6,4,Social Media,Non-Eco-Friendly,4,0.51,1
0761,Low,8,9,8,7,3,10.16,2,1,Ads,Non-Eco-Friendly,3,0.67,1
0762,High,8,6,9,1,6,1.37,2,1,Ads,Eco-Friendly,2,0.56,1
0763,High,7,5,8,9,8,10.11,3,3,Email,Eco-Friendly,1,0.67,1
0764,Low,6,10,4,7,6,18.47,4,1,Organic Search,Non-Eco-Friendly,3,0.65,1
0765,Medium,2,6,6,10,2,10.76,3,3,Email,Non-Eco-Friendly,4,0.5,0
0766,High,7,9,1,9,7,8.54,4,0,Social Media,Eco-Friendly,3,0.56,1
0767,Medium,5,7,4,7,2,6.91,1,1,Email,Eco-Friendly,1,0.46,0
0768,High,6,10,8,2,2,14.49,4,3,Email,Eco-Friendly,3,0.64,1
0769,Medium,10,10,1,6,2,5.87,3,2,Ads,Eco-Friendly,4,0.56,1
0770,Medium,8,9,3,10,1,19.23,4,3,Ads,Eco-Friendly,5,0.66,1
0771,Low,8,4,1,4,1,19.67,4,2,Social Media,Eco-Friendly,2,0.45,0
0772,Low,3,2,9,3,7,11.28,4,1,Ads,Non-Eco-Friendly,2,0.47,0
0773,Medium,7,8,2,2,5,9.94,3,2,Ads,Eco-Friendly,5,0.49,0
0774,Medium,1,4,9,6,3,15.15,0,1,Ads,Eco-Friendly,1,0.46,0
0775,Medium,1,9,4,8,1,15.47,4,1,Email,Eco-Friendly,3,0.48,0
0776,Medium,7,4,2,6,10,5.97,3,3,Organic Search,Eco-Friendly,3,0.49,0
0777,Medium,10,8,4,9,6,7.37,6,6,Social Media,Non-Eco-Friendly,5,0.72,1
0778,High,9,9,10,5,1,3.39,1,1,Email,Non-Eco-Friendly,5,0.65,1
0779,High,7,9,6,2,9,12.05,3,2,Social Media,Non-Eco-Friendly,4,0.65,1
0780,Medium,10,10,7,8,2,13.33,3,5,Email,Non-Eco-Friendly,4,0.77,1
0781,High,5,4,3,9,1,3.25,3,2,Social Media,Non-Eco-Friendly,2,0.39,0
0782,Medium,8,1,3,10,7,7.72,3,0,Ads,Non-Eco-Friendly,1,0.46,0
0783,Medium,2,3,10,4,6,3.26,2,4,Social Media,Non-Eco-Friendly,1,0.47,0
0784,High,9,9,8,6,6,5.51,3,1,Organic Search,Non-Eco-Friendly,5,0.69,1
0785,Low,6,4,5,10,5,12.76,3,1,Social Media,Eco-Friendly,2,0.54,1
0786,Low,9,5,4,8,4,6.33,3,0,Organic Search,Eco-Friendly,2,0.53,1
0787,High,2,7,7,9,4,8.5,2,1,Social Media,Non-Eco-Friendly,4,0.51,1
0788,Medium,3,5,7,5,3,1.86,2,3,Ads,Non-Eco-Friendly,3,0.43,0
0789,High,8,4,9,6,10,10.93,2,3,Social Media,Non-Eco-Friendly,1,0.67,1
0790,High,1,2,9,4,8,9.78,5,2,Email,Eco-Friendly,2,0.45,0
0791,Low,10,2,5,5,7,6.36,2,0,Ads,Non-Eco-Friendly,4,0.5,1
0792,High,7,4,8,7,9,9.05,6,2,Ads,Non-Eco-Friendly,4,0.64,1
0793,Medium,7,10,10,9,1,10.9,4,1,Email,Non-Eco-Friendly,4,0.72,1
0794,Medium,1,10,1,10,7,5.93,3,3,Ads,Non-Eco-Friendly,3,0.48,0
0795,Medium,9,9,9,6,10,2.62,3,0,Ads,Eco-Friendly,2,0.73,1
0796,High,8,8,8,6,4,19.03,0,1,Email,Non-Eco-Friendly,5,0.69,1
0797,Low,4,3,6,8,7,6.83,5,3,Ads,Eco-Friendly,5,0.5,0
0798,Medium,10,9,3,4,1,9.52,2,4,Ads,Eco-Friendly,4,0.59,1
0799,Medium,5,5,3,3,5,15.05,3,0,Ads,Non-Eco-Friendly,4,0.43,0
0800,Medium,2,3,8,7,3,27.65,3,2,Ads,Eco-Friendly,3,0.53,1
0801,Medium,9,5,5,5,5,3.78,4,1,Social Media,Non-Eco-Friendly,4,0.53,1
0802,Low,6,10,10,2,4,12.25,2,1,Ads,Eco-Friendly,2,0.66,1
0803,Low,3,4,7,2,2,6.46,5,2,Ads,Non-Eco-Friendly,4,0.4,0
0804,Medium,7,8,5,6,4,7.31,1,1,Ads,Eco-Friendly,4,0.55,1
0805,High,9,5,8,8,3,6.4,4,4,Social Media,Eco-Friendly,2,0.64,1
0806,Low,3,10,10,1,1,4.37,0,3,Organic Search,Non-Eco-Friendly,1,0.53,1
0807,Low,2,8,10,6,10,9.79,6,3,Ads,Eco-Friendly,5,0.67,1
0808,High,7,9,4,2,8,2.63,2,3,Organic Search,Non-Eco-Friendly,4,0.55,1
0809,Low,7,4,2,2,5,14.73,2,4,Organic Search,Non-Eco-Friendly,2,0.45,0
0810,High,4,7,3,7,4,10.28,1,1,Email,Eco-Friendly,5,0.46,0
0811,Medium,9,2,8,10,10,12.11,4,3,Email,Non-Eco-Friendly,3,0.69,1
0812,High,8,6,7,1,5,7.67,1,3,Organic Search,Non-Eco-Friendly,1,0.55,1
0813,Low,1,8,2,6,4,8.16,4,3,Social Media,Non-Eco-Friendly,4,0.41,0
0814,Low,1,7,6,7,3,11.44,3,4,Ads,Non-Eco-Friendly,1,0.49,0
0815,Medium,5,7,9,8,5,4.18,2,1,Ads,Eco-Friendly,4,0.59,1
0816,High,6,8,4,7,4,8.21,3,1,Ads,Eco-Friendly,4,0.54,1
0817,Medium,3,7,9,6,1,5.7,3,0,Email,Eco-Friendly,4,0.49,0
0818,Low,9,5,2,9,3,5.55,3,6,Email,Non-Eco-Friendly,1,0.54,1
0819,Medium,10,7,2,3,10,0.0,1,0,Ads,Eco-Friendly,3,0.52,1
0820,Medium,6,10,9,6,10,16.7,2,1,Organic Search,Eco-Friendly,2,0.76,1
0821,Medium,4,3,7,4,8,6.57,4,3,Email,Eco-Friendly,2,0.48,0
0822,Medium,7,5,7,2,7,15.82,2,1,Ads,Non-Eco-Friendly,3,0.57,1
0823,High,8,7,1,1,2,15.34,5,2,Organic Search,Eco-Friendly,3,0.47,0
0824,Medium,9,9,6,1,1,3.57,4,1,Ads,Non-Eco-Friendly,4,0.55,1
0825,Low,6,2,7,10,3,4.56,4,1,Email,Eco-Friendly,4,0.48,0
0826,Medium,6,4,6,3,5,22.8,3,2,Social Media,Eco-Friendly,2,0.55,1
0827,Low,8,7,6,4,10,18.75,1,2,Social Media,Non-Eco-Friendly,4,0.68,1
0828,Medium,5,1,2,2,1,9.84,0,2,Email,Eco-Friendly,4,0.26,0
0829,Medium,3,2,6,1,3,11.29,2,2,Organic Search,Non-Eco-Friendly,3,0.35,0
0830,Low,3,9,4,4,3,6.85,1,2,Ads,Non-Eco-Friendly,1,0.45,0
0831,Medium,6,10,9,7,5,12.16,1,2,Email,Eco-Friendly,5,0.71,1
0832,Low,2,7,1,10,3,6.41,4,4,Organic Search,Non-Eco-Friendly,5,0.42,0
0833,High,6,10,8,6,9,0.0,1,1,Ads,Non-Eco-Friendly,4,0.64,1
0834,High,6,7,5,6,1,3.39,3,1,Ads,Non-Eco-Friendly,4,0.47,0
0835,Low,8,6,1,9,4,10.11,5,2,Email,Non-Eco-Friendly,5,0.53,1
0836,High,7,3,4,2,10,4.34,4,2,Ads,Eco-Friendly,3,0.46,0
0837,Medium,8,10,1,4,10,9.66,5,3,Social Media,Non-Eco-Friendly,5,0.62,1
0838,Low,9,3,6,5,4,4.63,4,2,Social Media,Non-Eco-Friendly,5,0.51,1
0839,Low,6,2,2,1,1,6.09,4,1,Ads,Eco-Friendly,5,0.28,0
0840,Medium,3,6,5,8,2,14.27,2,3,Email,Eco-Friendly,4,0.49,0
0841,Medium,10,4,7,8,1,11.24,0,5,Ads,Eco-Friendly,4,0.62,1
0842,Medium,3,5,2,6,6,9.95,2,2,Email,Non-Eco-Friendly,5,0.4,0
0843,Low,1,3,6,5,3,14.39,5,3,Email,Non-Eco-Friendly,4,0.41,0
0844,Low,5,6,6,8,7,12.4,6,1,Social Media,Non-Eco-Friendly,5,0.59,1
0845,Medium,4,3,5,3,5,17.23,1,4,Social Media,Non-Eco-Friendly,3,0.45,0
0846,Low,9,8,5,3,9,7.7,0,3,Organic Search,Eco-Friendly,4,0.63,1
0847,Low,9,9,3,2,7,7.85,4,2,Email,Eco-Friendly,1,0.59,1
0848,Low,5,4,10,5,4,3.49,4,3,Ads,Non-Eco-Friendly,4,0.54,1
0849,High,10,9,10,3,5,7.86,5,2,Email,Non-Eco-Friendly,3,0.74,1
0850,High,4,7,2,3,5,14.82,3,1,Social Media,Non-Eco-Friendly,3,0.44,0
0851,Medium,7,3,7,6,5,16.5,1,1,Email,Non-Eco-Friendly,4,0.55,1
0852,High,6,7,1,8,10,14.8,5,3,Organic Search,Eco-Friendly,2,0.59,1
0853,Medium,4,1,6,2,9,1.03,2,4,Ads,Eco-Friendly,5,0.39,0
0854,Medium,10,3,6,4,10,15.42,4,5,Email,Eco-Friendly,5,0.67,1
0855,Low,2,6,3,7,3,0.81,1,3,Ads,Eco-Friendly,3,0.36,0
0856,Medium,1,4,2,1,6,14.49,4,2,Ads,Non-Eco-Friendly,4,0.32,0
0857,High,4,7,2,1,8,8.16,6,0,Social Media,Eco-Friendly,2,0.42,0
0858,Medium,4,3,9,10,9,13.51,1,3,Email,Non-Eco-Friendly,1,0.61,1
0859,Medium,1,1,5,7,7,3.34,3,3,Ads,Eco-Friendly,5,0.34,0
0860,Medium,6,9,7,7,3,15.86,2,3,Social Media,Eco-Friendly,2,0.66,1
0861,Low,4,6,5,1,1,2.68,2,1,Organic Search,Non-Eco-Friendly,5,0.35,0
0862,High,1,8,7,1,4,6.66,4,2,Organic Search,Eco-Friendly,4,0.44,0
0863,Medium,1,3,4,4,6,5.01,5,3,Email,Eco-Friendly,5,0.34,0
0864,Medium,1,8,8,5,3,1.23,1,1,Ads,Eco-Friendly,1,0.44,0
0865,Medium,8,2,10,5,1,10.47,2,4,Email,Eco-Friendly,4,0.56,1
0866,Medium,10,4,10,4,6,19.03,4,2,Ads,Non-Eco-Friendly,3,0.72,1
0867,Low,8,3,7,8,1,23.33,4,2,Social Media,Eco-Friendly,2,0.61,1
0868,Medium,2,10,10,7,9,10.49,4,2,Organic Search,Eco-Friendly,5,0.69,1
0869,Low,7,1,5,9,1,15.58,6,1,Organic Search,Eco-Friendly,4,0.48,0
0870,Medium,8,7,6,7,6,11.16,3,2,Organic Search,Non-Eco-Friendly,4,0.64,1
0871,High,8,10,5,10,1,12.49,4,1,Organic Search,Non-Eco-Friendly,5,0.66,1
0872,High,10,2,7,1,7,8.29,4,5,Email,Eco-Friendly,3,0.57,1
0873,Medium,7,4,2,7,3,10.98,1,3,Ads,Eco-Friendly,5,0.45,0
0874,Medium,5,9,5,1,6,12.69,2,1,Email,Eco-Friendly,3,0.53,1
0875,Low,1,6,10,7,7,7.11,1,2,Social Media,Non-Eco-Friendly,5,0.54,1
0876,Medium,9,8,3,10,1,9.61,2,3,Organic Search,Eco-Friendly,4,0.6,1
0877,Low,7,2,9,8,1,9.71,1,3,Ads,Eco-Friendly,1,0.53,1
0878,Medium,2,7,6,9,5,14.13,8,5,Email,Non-Eco-Friendly,1,0.6,1
0879,Low,6,6,10,3,6,4.67,2,1,Ads,Non-Eco-Friendly,4,0.57,1
0880,Low,2,9,3,4,9,9.74,2,0,Email,Non-Eco-Friendly,1,0.47,0
0881,Medium,1,7,7,4,1,19.56,6,0,Ads,Eco-Friendly,3,0.48,0
0882,Low,7,1,4,9,4,15.82,2,4,Ads,Eco-Friendly,4,0.5,0
0883,Medium,2,8,3,7,10,16.75,2,0,Organic Search,Eco-Friendly,3,0.52,1
0884,Medium,2,10,8,3,8,10.12,0,1,Email,Non-Eco-Friendly,4,0.57,1
0885,Low,5,3,4,10,10,11.6,1,1,Social Media,Eco-Friendly,3,0.51,1
0886,Medium,5,2,1,5,9,15.01,1,2,Ads,Eco-Friendly,3,0.4,0
0887,Low,7,3,6,7,3,17.8,4,1,Social Media,Non-Eco-Friendly,1,0.54,1
0888,Low,1,6,10,8,2,0.24,2,3,Organic Search,Non-Eco-Friendly,4,0.48,0
0889,Medium,8,3,1,1,4,3.42,5,4,Social Media,Eco-Friendly,5,0.37,0
0890,Low,3,10,5,2,2,16.55,3,2,Ads,Non-Eco-Friendly,1,0.52,1
0891,High,4,5,7,7,1,8.62,3,3,Ads,Eco-Friendly,3,0.49,0
0892,Low,9,6,6,2,3,6.64,5,2,Ads,Eco-Friendly,3,0.55,1
0893,Low,4,8,2,7,7,3.73,3,2,Email,Eco-Friendly,5,0.47,0
0894,Medium,10,7,4,9,1,7.22,3,2,Social Media,Non-Eco-Friendly,5,0.59,1
0895,Medium,5,8,2,2,2,2.99,5,2,Email,Eco-Friendly,3,0.4,0
0896,Low,7,3,1,7,1,20.46,4,4,Ads,Non-Eco-Friendly,5,0.46,0
0897,Medium,4,4,3,4,8,9.89,1,1,Ads,Non-Eco-Friendly,2,0.4,0
0898,Low,1,6,3,2,5,9.71,4,1,Organic Search,Non-Eco-Friendly,1,0.35,0
0899,High,9,7,7,7,8,12.94,3,1,Organic Search,Non-Eco-Friendly,4,0.7,1
0900,Medium,4,9,1,5,3,14.81,1,5,Ads,Eco-Friendly,5,0.49,0
0901,Medium,9,1,9,1,7,14.73,3,4,Email,Non-Eco-Friendly,5,0.59,1
0902,High,6,8,6,5,8,15.37,2,1,Email,Eco-Friendly,2,0.63,1
0903,Medium,1,8,4,3,6,6.85,3,2,Ads,Eco-Friendly,4,0.42,0
0904,High,3,6,3,7,7,8.51,1,4,Social Media,Eco-Friendly,2,0.47,0
0905,Medium,2,4,3,6,2,13.85,1,0,Email,Eco-Friendly,4,0.33,0
0906,High,9,3,2,8,8,7.36,2,3,Ads,Non-Eco-Friendly,1,0.52,1
0907,Low,1,3,2,5,5,9.97,4,3,Organic Search,Non-Eco-Friendly,5,0.32,0
0908,Medium,9,6,10,2,7,11.99,2,3,Ads,Eco-Friendly,1,0.69,1
0909,Medium,9,8,5,9,1,13.93,2,4,Email,Eco-Friendly,4,0.66,1
0910,Medium,8,7,9,8,5,1.11,4,2,Ads,Eco-Friendly,5,0.66,1
0911,Medium,8,1,2,6,1,13.57,2,2,Social Media,Non-Eco-Friendly,2,0.39,0
0912,Medium,1,6,2,10,8,8.83,3,1,Social Media,Non-Eco-Friendly,3,0.43,0
0913,Low,8,7,6,7,4,13.54,4,3,Email,Eco-Friendly,2,0.65,1
0914,Low,10,7,10,9,4,13.88,5,3,Ads,Eco-Friendly,3,0.79,1
0915,Medium,3,9,2,7,2,18.04,3,2,Social Media,Eco-Friendly,2,0.5,0
0916,Medium,7,10,4,3,5,16.77,2,2,Social Media,Non-Eco-Friendly,4,0.61,1
0917,High,1,5,6,6,1,16.73,5,2,Organic Search,Eco-Friendly,1,0.44,0
0918,Medium,1,1,5,7,9,17.22,4,5,Email,Non-Eco-Friendly,3,0.46,0
0919,High,10,2,1,2,5,11.46,1,3,Organic Search,Non-Eco-Friendly,4,0.42,0
0920,Medium,5,4,6,3,6,10.16,5,2,Organic Search,Non-Eco-Friendly,1,0.49,0
0921,Low,5,5,1,4,2,14.36,2,3,Social Media,Eco-Friendly,1,0.39,0
0922,Low,8,9,3,10,10,13.66,3,4,Ads,Non-Eco-Friendly,5,0.72,1
0923,Medium,7,1,10,6,10,8.45,2,3,Organic Search,Non-Eco-Friendly,5,0.6,1
0924,Medium,8,3,5,1,1,12.02,10,1,Email,Eco-Friendly,5,0.46,0
0925,Low,6,5,10,9,4,9.82,4,0,Email,Eco-Friendly,3,0.62,1
0926,Medium,6,3,5,5,7,5.73,3,7,Ads,Eco-Friendly,3,0.51,1
0927,High,2,4,10,7,6,16.45,4,2,Email,Non-Eco-Friendly,1,0.57,1
0928,Medium,6,3,6,9,10,10.28,5,4,Organic Search,Non-Eco-Friendly,3,0.61,1
0929,Medium,5,4,10,9,1,20.24,3,0,Ads,Eco-Friendly,1,0.6,1
0930,Medium,3,1,8,1,1,1.87,1,1,Email,Non-Eco-Friendly,4,0.28,0
0931,Low,6,8,5,1,8,7.22,2,2,Email,Eco-Friendly,2,0.54,1
0932,Medium,8,4,1,3,4,10.16,3,1,Organic Search,Eco-Friendly,1,0.41,0
0933,Medium,9,7,5,6,5,15.69,2,0,Organic Search,Non-Eco-Friendly,1,0.62,1
0934,Low,1,2,3,2,7,12.0,4,1,Organic Search,Non-Eco-Friendly,4,0.3,0
0935,Medium,3,2,4,10,8,11.55,5,1,Organic Search,Non-Eco-Friendly,5,0.45,0
0936,Medium,3,6,8,1,10,4.36,0,0,Ads,Non-Eco-Friendly,5,0.47,0
0937,High,8,2,7,1,7,4.22,2,2,Ads,Eco-Friendly,5,0.47,0
0938,High,1,6,5,5,2,11.61,3,3,Ads,Eco-Friendly,1,0.41,0
0939,Low,5,2,2,4,4,3.18,4,2,Social Media,Non-Eco-Friendly,1,0.32,0
0940,Medium,3,4,6,1,10,7.34,2,8,Organic Search,Non-Eco-Friendly,3,0.5,0
0941,Medium,2,7,6,4,1,12.5,0,1,Organic Search,Non-Eco-Friendly,3,0.42,0
0942,High,8,8,10,3,10,5.09,2,1,Ads,Eco-Friendly,2,0.7,1
0943,Low,3,3,10,2,9,18.03,1,5,Email,Eco-Friendly,2,0.58,1
0944,Medium,7,9,6,9,3,16.12,4,2,Email,Non-Eco-Friendly,3,0.68,1
0945,Medium,1,2,9,1,3,2.14,1,1,Organic Search,Eco-Friendly,1,0.31,0
0946,Low,6,8,8,7,10,5.34,2,2,Organic Search,Eco-Friendly,4,0.67,1
0947,Low,3,8,8,4,9,0.0,1,2,Ads,Eco-Friendly,3,0.54,1
0948,Medium,8,4,1,5,10,6.09,4,3,Organic Search,Eco-Friendly,1,0.49,0
0949,Medium,6,1,5,10,3,13.83,1,3,Email,Non-Eco-Friendly,3,0.47,0
0950,Medium,2,1,7,5,8,7.93,2,1,Email,Non-Eco-Friendly,5,0.39,0
0951,Medium,6,2,6,1,2,12.3,4,1,Organic Search,Non-Eco-Friendly,3,0.4,0
0952,Medium,7,9,5,6,3,2.39,3,4,Ads,Non-Eco-Friendly,5,0.58,1
0953,Medium,5,2,8,9,2,13.99,9,3,Ads,Eco-Friendly,1,0.55,1
0954,Low,3,2,3,2,1,7.22,1,2,Email,Non-Eco-Friendly,5,0.25,0
0955,High,4,6,6,7,2,10.06,0,3,Ads,Non-Eco-Friendly,3,0.49,0
0956,Low,4,7,5,6,8,9.54,1,3,Email,Non-Eco-Friendly,5,0.54,1
0957,Medium,6,7,8,5,9,3.64,2,1,Organic Search,Non-Eco-Friendly,4,0.6,1
0958,Low,10,9,4,4,2,4.23,1,3,Email,Non-Eco-Friendly,5,0.58,1
0959,Low,1,6,8,4,7,14.84,0,0,Organic Search,Eco-Friendly,5,0.48,0
0960,Medium,4,8,10,6,5,11.99,5,1,Ads,Non-Eco-Friendly,2,0.64,1
0961,Low,10,6,2,4,3,15.25,5,3,Social Media,Eco-Friendly,4,0.56,1
0962,High,4,2,9,5,9,11.62,7,0,Social Media,Eco-Friendly,1,0.53,1
0963,Low,10,1,9,6,6,10.71,2,2,Social Media,Eco-Friendly,5,0.6,1
0964,Medium,1,5,10,5,1,1.37,4,3,Email,Eco-Friendly,4,0.44,0
0965,Medium,9,9,10,7,5,8.65,6,4,Social Media,Eco-Friendly,1,0.79,1
0966,Low,4,8,6,9,7,9.86,3,1,Email,Eco-Friendly,4,0.59,1
0967,Low,7,4,4,10,4,19.77,7,3,Ads,Non-Eco-Friendly,2,0.6,1
0968,Medium,3,5,4,7,8,13.43,3,0,Organic Search,Eco-Friendly,1,0.47,0
0969,Medium,10,5,6,7,10,17.68,4,1,Social Media,Non-Eco-Friendly,1,0.71,1
0970,Medium,3,6,5,4,5,12.99,2,1,Email,Eco-Friendly,5,0.45,0
0971,Medium,8,3,6,1,9,6.44,3,3,Ads,Eco-Friendly,3,0.52,1
0972,Medium,8,5,7,8,9,10.59,2,2,Ads,Eco-Friendly,1,0.65,1
0973,Low,1,2,7,4,9,11.18,2,0,Social Media,Non-Eco-Friendly,1,0.4,0
0974,Medium,10,10,9,1,1,5.3,5,2,Ads,Eco-Friendly,2,0.67,1
0975,High,2,1,8,5,2,8.08,2,2,Ads,Eco-Friendly,2,0.36,0
0976,Medium,8,1,6,8,3,8.97,3,4,Ads,Non-Eco-Friendly,2,0.51,1
0977,Medium,1,10,6,4,4,18.03,4,3,Email,Eco-Friendly,5,0.56,1
0978,Medium,8,7,5,8,10,0.0,1,5,Ads,Eco-Friendly,1,0.64,1
0979,Medium,8,2,1,8,9,16.03,1,2,Ads,Eco-Friendly,2,0.5,0
0980,Medium,2,4,9,3,10,5.32,3,4,Ads,Non-Eco-Friendly,2,0.51,1
0981,Medium,4,5,9,9,6,3.14,3,3,Ads,Eco-Friendly,4,0.57,1
0982,High,6,7,9,3,1,15.9,3,5,Ads,Eco-Friendly,4,0.62,1
0983,Low,9,2,8,1,9,13.66,3,0,Email,Non-Eco-Friendly,2,0.56,1
0984,Low,8,6,10,2,6,16.27,1,1,Ads,Non-Eco-Friendly,5,0.66,1
0985,Medium,8,1,3,6,4,14.0,3,2,Ads,Eco-Friendly,3,0.45,0
0986,High,7,7,1,10,4,20.3,3,2,Organic Search,Eco-Friendly,4,0.58,1
0987,Low,9,9,8,2,3,12.79,0,1,Ads,Eco-Friendly,4,0.64,1
0988,Low,2,5,7,6,7,9.22,2,3,Ads,Eco-Friendly,1,0.5,0
0989,Low,3,5,5,1,3,11.71,1,6,Email,Non-Eco-Friendly,1,0.42,0
0990,Low,10,4,10,1,2,16.22,3,5,Ads,Non-Eco-Friendly,2,0.66,1
0991,Medium,8,3,7,5,10,6.1,2,0,Email,Non-Eco-Friendly,1,0.55,1
0992,Medium,6,9,10,10,8,6.74,1,2,Social Media,Eco-Friendly,1,0.74,1
0993,Medium,10,5,4,9,4,8.46,3,0,Ads,Non-Eco-Friendly,3,0.57,1
0994,Medium,9,8,9,8,8,0.0,3,3,Organic Search,Non-Eco-Friendly,5,0.72,1
0995,Low,10,9,10,3,1,10.69,4,1,Email,Eco-Friendly,2,0.7,1
0996,Low,4,5,2,3,5,0.57,1,4,Social Media,Eco-Friendly,3,0.35,0
0997,Medium,8,10,9,1,9,10.27,1,2,Organic Search,Eco-Friendly,2,0.72,1
0998,High,10,9,9,3,1,14.33,7,3,Email,Eco-Friendly,5,0.74,1
0999,High,3,2,5,1,4,7.62,1,0,Social Media,Eco-Friendly,2,0.29,0
1000,Low,3,9,1,8,6,18.39,5,2,Organic Search,Eco-Friendly,1,0.54,1
1001,High,8,4,7,1,10,2.7,0,2,Ads,Non-Eco-Friendly,5,0.52,1
1002,Medium,5,6,10,5,8,15.96,7,1,Organic Search,Eco-Friendly,3,0.67,1
1003,Medium,3,6,10,9,3,13.38,3,4,Organic Search,Eco-Friendly,3,0.62,1
1004,Medium,10,6,4,7,5,1.42,1,1,Organic Search,Non-Eco-Friendly,4,0.54,1
1005,Medium,1,2,9,4,7,23.55,4,1,Email,Non-Eco-Friendly,3,0.5,0
1006,Medium,3,7,6,9,1,9.68,5,1,Ads,Non-Eco-Friendly,4,0.5,1
1007,Low,9,6,3,9,7,5.61,2,3,Ads,Non-Eco-Friendly,1,0.59,1
1008,Low,5,1,6,2,8,2.96,1,2,Email,Non-Eco-Friendly,3,0.38,0
1009,Low,10,2,10,10,8,8.9,2,0,Organic Search,Eco-Friendly,5,0.67,1
1010,Medium,2,7,6,10,9,9.36,6,6,Ads,Eco-Friendly,4,0.63,1
1011,Medium,7,1,5,6,6,10.51,1,2,Organic Search,Non-Eco-Friendly,3,0.46,0
1012,Medium,2,1,2,4,6,8.51,4,1,Ads,Non-Eco-Friendly,1,0.27,0
1013,Low,4,1,10,8,2,13.17,4,1,Email,Non-Eco-Friendly,5,0.5,0
1014,High,7,8,10,7,3,8.06,2,4,Social Media,Non-Eco-Friendly,5,0.69,1
1015,High,4,4,2,7,4,0.33,1,4,Organic Search,Eco-Friendly,1,0.36,0
1016,Medium,7,4,7,10,4,9.25,0,2,Ads,Non-Eco-Friendly,3,0.57,1
1017,High,7,2,2,9,8,0.0,2,5,Ads,Non-Eco-Friendly,2,0.45,0
1018,Medium,1,1,6,5,1,11.77,4,1,Ads,Eco-Friendly,3,0.31,0
1019,High,6,10,5,6,10,5.1,4,0,Email,Eco-Friendly,4,0.63,1
1020,Low,9,9,4,1,4,10.82,3,4,Email,Eco-Friendly,4,0.6,1
1021,Medium,2,7,7,6,4,16.57,5,7,Social Media,Non-Eco-Friendly,3,0.6,1
1022,Low,3,4,8,2,1,5.26,5,3,Email,Non-Eco-Friendly,4,0.41,0
1023,Low,10,6,4,6,3,15.31,2,2,Organic Search,Eco-Friendly,2,0.6,1
1024,Low,5,2,1,9,5,7.83,2,1,Email,Non-Eco-Friendly,2,0.36,0
1025,Medium,9,7,1,8,6,18.77,4,2,Ads,Non-Eco-Friendly,5,0.61,1
1026,Medium,4,2,1,9,9,8.17,1,1,Organic Search,Eco-Friendly,4,0.38,0
1027,Medium,1,10,1,10,9,5.8,4,1,Email,Eco-Friendly,3,0.49,0
1028,Low,4,8,5,8,9,13.44,5,3,Organic Search,Eco-Friendly,5,0.63,1
1029,High,6,8,4,3,1,7.82,3,3,Organic Search,Non-Eco-Friendly,2,0.48,0
1030,Medium,5,1,9,8,9,5.79,3,6,Email,Eco-Friendly,5,0.57,1
1031,Medium,1,8,3,6,8,7.61,4,3,Organic Search,Non-Eco-Friendly,1,0.47,0
1032,Medium,4,2,7,6,2,9.78,1,1,Ads,Non-Eco-Friendly,4,0.4,0
1033,Low,6,6,8,6,1,16.71,3,4,Ads,Non-Eco-Friendly,3,0.61,1
1034,Medium,10,1,6,3,1,0.33,4,3,Email,Eco-Friendly,2,0.43,0
1035,High,10,5,10,10,6,10.12,3,2,Email,Eco-Friendly,5,0.75,1
1036,Low,4,7,1,1,9,13.12,1,7,Ads,Eco-Friendly,3,0.48,0
1037,Medium,9,10,8,4,7,10.97,4,1,Email,Non-Eco-Friendly,4,0.73,1
1038,High,5,1,10,10,5,16.55,2,0,Ads,Eco-Friendly,3,0.56,1
1039,Medium,8,2,3,6,2,9.63,4,1,Organic Search,Eco-Friendly,4,0.42,0
1040,Low,9,7,8,10,1,9.08,1,2,Email,Non-Eco-Friendly,4,0.66,1
1041,Low,10,6,4,2,2,12.96,4,5,Social Media,Non-Eco-Friendly,4,0.57,1
1042,Low,5,3,8,7,1,10.5,2,1,Ads,Eco-Friendly,5,0.47,0
1043,Medium,6,10,1,7,3,8.05,4,2,Ads,Eco-Friendly,4,0.52,1
1044,Medium,1,2,3,4,6,12.58,2,1,Organic Search,Non-Eco-Friendly,3,0.3,0
1045,Low,7,10,6,4,8,6.74,7,2,Social Media,Non-Eco-Friendly,1,0.67,1
1046,High,4,4,9,1,3,6.94,3,1,Social Media,Non-Eco-Friendly,3,0.44,0
1047,Medium,2,3,2,2,10,7.36,2,0,Social Media,Eco-Friendly,5,0.31,0
1048,Low,5,7,1,9,9,16.77,2,1,Ads,Eco-Friendly,4,0.54,1
1049,Medium,3,8,10,10,10,0.0,3,4,Ads,Non-Eco-Friendly,1,0.68,1
1050,Medium,6,2,3,8,5,11.98,2,0,Social Media,Eco-Friendly,5,0.42,0
1051,Low,8,10,4,8,7,10.17,0,2,Email,Eco-Friendly,2,0.66,1
1052,Low,7,7,5,9,8,1.6,0,3,Social Media,Eco-Friendly,2,0.59,1
1053,High,3,8,3,7,3,11.55,4,1,Organic Search,Non-Eco-Friendly,2,0.47,0
1054,Medium,8,6,10,9,2,12.38,3,2,Social Media,Eco-Friendly,1,0.69,1
1055,Medium,2,6,2,10,2,12.95,2,3,Social Media,Non-Eco-Friendly,3,0.42,0
1056,Medium,10,10,2,2,5,0.0,0,4,Social Media,Eco-Friendly,1,0.55,1
1057,Low,9,1,7,6,1,16.83,3,3,Email,Non-Eco-Friendly,1,0.54,1
1058,Low,4,4,9,3,2,6.31,9,5,Social Media,Non-Eco-Friendly,1,0.52,1
1059,Medium,1,1,10,6,9,13.43,3,1,Social Media,Eco-Friendly,2,0.48,0
1060,Low,8,4,2,3,7,13.71,5,2,Ads,Eco-Friendly,3,0.49,0
1061,Low,7,2,7,8,6,5.62,7,2,Social Media,Non-Eco-Friendly,1,0.54,1
1062,High,5,5,7,4,9,13.3,4,2,Organic Search,Non-Eco-Friendly,3,0.58,1
1063,High,10,10,7,10,7,8.07,4,3,Ads,Eco-Friendly,4,0.8,1
1064,Medium,5,9,3,6,5,0.0,1,2,Email,Non-Eco-Friendly,1,0.48,0
1065,High,7,10,7,9,9,15.84,2,2,Ads,Non-Eco-Friendly,1,0.77,1
1066,Low,5,3,1,2,6,6.12,3,5,Email,Eco-Friendly,1,0.36,0
1067,High,8,8,10,2,6,5.73,4,2,Email,Eco-Friendly,4,0.67,1
1068,Low,6,3,1,7,4,7.98,2,2,Organic Search,Eco-Friendly,4,0.38,0
1069,High,5,6,5,2,1,11.36,2,3,Social Media,Eco-Friendly,2,0.45,0
1070,High,9,4,2,2,5,9.71,0,1,Organic Search,Non-Eco-Friendly,5,0.43,0
1071,Medium,2,8,9,4,9,12.74,2,3,Ads,Eco-Friendly,3,0.61,1
1072,High,1,6,7,9,8,3.3,2,1,Email,Eco-Friendly,5,0.49,0
1073,Medium,8,8,4,8,8,6.29,2,2,Ads,Eco-Friendly,1,0.62,1
1074,Low,3,1,4,2,5,9.42,4,2,Email,Eco-Friendly,1,0.32,0
1075,Medium,7,6,2,8,9,19.49,2,2,Ads,Non-Eco-Friendly,2,0.6,1
1076,Medium,10,1,5,4,3,9.43,4,2,Email,Non-Eco-Friendly,5,0.48,0
1077,Low,8,1,4,2,3,15.43,3,5,Organic Search,Eco-Friendly,1,0.45,0
1078,Medium,6,8,1,10,1,10.19,1,3,Email,Eco-Friendly,5,0.5,0
1079,High,10,7,8,7,9,7.58,3,0,Social Media,Eco-Friendly,2,0.71,1
1080,Low,9,3,3,6,6,8.77,6,1,Organic Search,Eco-Friendly,5,0.5,1
1081,Medium,7,6,6,10,2,9.16,4,1,Social Media,Non-Eco-Friendly,3,0.58,1
1082,High,10,9,4,5,8,13.02,2,0,Ads,Non-Eco-Friendly,2,0.67,1
1083,High,5,7,9,1,9,16.87,6,2,Ads,Non-Eco-Friendly,5,0.65,1
1084,High,8,3,7,2,9,11.8,3,4,Email,Non-Eco-Friendly,1,0.58,1
1085,Medium,2,6,9,8,2,15.94,2,3,Email,Eco-Friendly,4,0.56,1
1086,High,7,4,10,1,2,5.18,5,0,Ads,Non-Eco-Friendly,4,0.5,1
1087,Medium,4,3,3,3,7,7.93,4,1,Organic Search,Non-Eco-Friendly,2,0.37,0
1088,Low,9,9,1,2,4,6.38,2,3,Social Media,Eco-Friendly,4,0.51,1
1089,Medium,1,10,5,5,1,11.57,4,3,Ads,Non-Eco-Friendly,3,0.49,0
1090,Medium,7,2,3,4,8,8.21,2,2,Organic Search,Non-Eco-Friendly,2,0.43,0
1091,Low,6,1,6,7,2,13.65,1,1,Social Media,Non-Eco-Friendly,1,0.43,0
1092,Medium,8,2,8,5,3,5.34,3,1,Email,Eco-Friendly,1,0.49,0
1093,Medium,5,7,4,8,5,10.22,2,0,Organic Search,Eco-Friendly,2,0.51,1
1094,Low,1,10,5,4,3,13.43,3,3,Organic Search,Eco-Friendly,4,0.5,1
1095,Medium,1,1,5,6,7,0.0,5,2,Ads,Eco-Friendly,4,0.32,0
1096,Medium,9,6,4,4,7,20.61,3,2,Social Media,Non-Eco-Friendly,1,0.63,1
1097,Medium,10,7,4,2,2,8.58,2,3,Ads,Non-Eco-Friendly,3,0.54,1
1098,Low,6,9,4,1,7,0.0,0,1,Email,Eco-Friendly,4,0.47,0
1099,Low,10,8,4,1,6,10.79,2,1,Email,Eco-Friendly,3,0.58,1
1100,Medium,5,6,4,8,10,10.17,2,3,Social Media,Eco-Friendly,4,0.57,1
1101,High,1,3,5,4,9,9.59,5,3,Social Media,Non-Eco-Friendly,2,0.41,0
1102,Low,6,8,2,5,9,14.96,1,3,Social Media,Non-Eco-Friendly,5,0.57,1
1103,Medium,6,7,2,8,2,13.74,1,1,Ads,Eco-Friendly,1,0.48,0
1104,Low,3,3,9,7,7,11.49,2,0,Social Media,Eco-Friendly,2,0.51,1
1105,Medium,8,9,2,8,5,12.25,2,3,Social Media,Eco-Friendly,4,0.61,1
1106,High,1,2,6,8,6,9.48,3,2,Ads,Eco-Friendly,1,0.4,0
1107,Medium,1,3,2,6,1,18.88,1,2,Email,Eco-Friendly,5,0.31,0
1108,Low,6,2,5,10,7,2.6,2,3,Email,Eco-Friendly,5,0.48,0
1109,Medium,10,1,4,2,6,10.7,1,2,Organic Search,Eco-Friendly,4,0.46,0
1110,Low,1,4,7,6,4,10.33,0,6,Email,Eco-Friendly,1,0.45,0
1111,Medium,6,5,7,1,1,14.07,4,1,Social Media,Non-Eco-Friendly,4,0.48,0
1112,Medium,1,6,6,1,9,5.78,2,3,Email,Eco-Friendly,5,0.43,0
1113,Low,6,5,10,3,4,1.28,3,3,Ads,Non-Eco-Friendly,2,0.54,1
1114,Low,3,1,5,3,2,10.78,4,1,Email,Eco-Friendly,2,0.31,0
1115,Medium,8,3,1,5,8,11.41,4,1,Email,Non-Eco-Friendly,3,0.46,0
1116,High,6,1,3,1,2,17.45,6,1,Organic Search,Eco-Friendly,5,0.36,0
1117,High,1,5,9,10,5,3.65,3,1,Organic Search,Eco-Friendly,5,0.49,0
1118,Low,5,5,1,6,6,15.77,4,3,Social Media,Non-Eco-Friendly,4,0.47,0
1119,Medium,8,6,5,7,8,21.84,1,2,Ads,Eco-Friendly,3,0.66,1
1120,Medium,3,8,2,10,1,8.11,4,2,Social Media,Non-Eco-Friendly,3,0.45,0
1121,Medium,6,10,4,3,1,3.55,5,0,Ads,Non-Eco-Friendly,1,0.48,0
1122,Medium,5,1,1,4,4,7.97,0,1,Ads,Non-Eco-Friendly,4,0.27,0
1123,High,6,4,3,10,5,10.07,1,5,Organic Search,Eco-Friendly,2,0.52,1
1124,High,10,10,10,10,9,12.82,5,0,Email,Non-Eco-Friendly,1,0.88,1
1125,Medium,1,1,7,10,7,7.04,5,2,Email,Eco-Friendly,3,0.43,0
1126,Medium,7,9,10,10,7,17.78,5,5,Organic Search,Non-Eco-Friendly,2,0.85,1
1127,Medium,9,7,3,10,8,4.43,3,1,Social Media,Eco-Friendly,5,0.61,1
1128,Low,2,7,4,3,5,1.3,3,1,Email,Non-Eco-Friendly,4,0.37,0
1129,Medium,10,5,2,1,5,15.53,5,2,Social Media,Non-Eco-Friendly,3,0.52,1
1130,Medium,5,7,3,8,1,0.0,4,1,Email,Eco-Friendly,5,0.42,0
1131,Medium,10,2,9,10,9,8.98,2,0,Social Media,Eco-Friendly,3,0.66,1
1132,Low,4,4,3,10,6,25.59,1,3,Ads,Eco-Friendly,2,0.54,1
1133,Low,6,7,5,2,9,9.94,3,0,Ads,Eco-Friendly,1,0.53,1
1134,High,6,3,2,1,3,4.4,3,1,Email,Eco-Friendly,2,0.31,0
1135,Low,2,2,4,8,5,9.71,5,2,Social Media,Eco-Friendly,4,0.38,0
1136,Medium,2,10,7,7,2,9.75,5,2,Social Media,Eco-Friendly,4,0.56,1
1137,Low,4,2,7,7,10,10.8,4,0,Ads,Eco-Friendly,3,0.5,1
1138,Low,1,1,3,4,5,13.31,2,3,Social Media,Eco-Friendly,2,0.3,0
1139,Low,9,5,5,9,8,4.8,1,2,Organic Search,Non-Eco-Friendly,1,0.6,1
1140,Low,7,6,1,6,2,18.44,4,0,Social Media,Non-Eco-Friendly,4,0.47,0
1141,High,7,6,10,2,8,11.23,2,3,Ads,Non-Eco-Friendly,1,0.66,1
1142,Low,3,9,10,1,4,13.63,2,3,Organic Search,Non-Eco-Friendly,5,0.6,1
1143,High,3,4,10,1,10,6.86,3,2,Organic Search,Eco-Friendly,3,0.52,1
1144,Medium,1,1,1,9,10,16.43,1,4,Social Media,Non-Eco-Friendly,1,0.38,0
1145,Medium,3,6,5,4,1,8.71,3,1,Ads,Non-Eco-Friendly,3,0.4,0
1146,Medium,3,5,10,5,5,11.39,3,2,Ads,Non-Eco-Friendly,5,0.55,1
1147,Medium,4,10,9,3,1,5.33,10,3,Ads,Eco-Friendly,1,0.61,1
1148,Medium,4,6,1,4,7,5.02,2,2,Organic Search,Eco-Friendly,1,0.39,0
1149,Low,3,3,1,8,8,13.44,2,4,Ads,Non-Eco-Friendly,5,0.42,0
1150,Medium,10,2,4,4,3,7.78,3,1,Organic Search,Non-Eco-Friendly,2,0.45,0
1151,High,8,6,4,9,3,5.73,9,1,Organic Search,Non-Eco-Friendly,1,0.56,1
1152,High,8,1,2,9,7,6.78,3,5,Email,Eco-Friendly,1,0.48,0
1153,High,1,7,9,6,4,13.49,2,3,Social Media,Non-Eco-Friendly,4,0.55,1
1154,Medium,7,7,9,2,3,6.85,2,2,Ads,Non-Eco-Friendly,2,0.57,1
1155,Medium,2,10,2,10,8,9.41,2,5,Organic Search,Eco-Friendly,1,0.57,1
1156,Medium,1,7,9,7,3,10.08,2,4,Social Media,Non-Eco-Friendly,5,0.54,1
1157,Medium,3,10,6,9,7,0.41,2,4,Organic Search,Non-Eco-Friendly,3,0.59,1
1158,Low,4,1,8,6,2,2.64,4,5,Social Media,Non-Eco-Friendly,5,0.42,0
1159,Medium,6,4,10,3,1,11.68,1,3,Organic Search,Non-Eco-Friendly,2,0.53,1
1160,Low,10,7,4,7,6,6.31,0,3,Ads,Non-Eco-Friendly,4,0.61,1
1161,Medium,5,9,2,5,8,15.28,2,1,Email,Non-Eco-Friendly,4,0.55,1
1162,High,4,5,2,1,1,14.83,7,5,Email,Non-Eco-Friendly,4,0.4,0
1163,Low,8,2,9,3,10,13.6,2,8,Email,Non-Eco-Friendly,5,0.67,1
1164,Low,4,7,1,5,9,19.1,2,0,Organic Search,Eco-Friendly,3,0.49,0
1165,Low,10,10,7,7,3,9.58,3,2,Social Media,Non-Eco-Friendly,3,0.72,1
1166,High,2,1,3,3,3,13.24,3,0,Ads,Non-Eco-Friendly,1,0.26,0
1167,Medium,3,7,3,6,4,7.08,2,0,Ads,Non-Eco-Friendly,3,0.41,0
1168,Medium,6,6,2,5,1,22.26,4,2,Organic Search,Eco-Friendly,3,0.49,0
1169,High,8,7,10,1,9,19.92,5,0,Email,Non-Eco-Friendly,1,0.72,1
1170,High,8,10,6,10,3,10.06,4,2,Organic Search,Eco-Friendly,5,0.7,1
1171,Medium,9,3,10,6,10,11.93,2,2,Social Media,Non-Eco-Friendly,5,0.69,1
1172,Medium,7,3,2,8,4,16.8,5,3,Email,Eco-Friendly,2,0.5,0
1173,Medium,2,7,10,1,1,9.26,2,1,Organic Search,Eco-Friendly,5,0.47,0
1174,Medium,8,2,4,2,4,6.72,2,1,Social Media,Eco-Friendly,4,0.39,0
1175,Low,7,1,10,4,1,14.37,4,0,Email,Non-Eco-Friendly,4,0.5,1
1176,High,8,9,9,2,5,10.39,4,4,Ads,Non-Eco-Friendly,2,0.7,1
1177,Medium,3,9,9,9,5,10.91,2,1,Social Media,Eco-Friendly,3,0.63,1
1178,Low,7,7,6,10,7,5.83,6,1,Ads,Non-Eco-Friendly,2,0.64,1
1179,Medium,10,7,4,8,8,1.41,3,2,Social Media,Eco-Friendly,1,0.62,1
1180,Low,9,3,7,8,4,11.18,7,0,Email,Non-Eco-Friendly,2,0.59,1
1181,Low,3,10,1,4,7,14.52,1,2,Organic Search,Non-Eco-Friendly,2,0.49,0
1182,Medium,10,2,4,5,4,8.87,1,2,Organic Search,Eco-Friendly,4,0.48,0
1183,Low,6,7,5,4,3,17.18,2,2,Organic Search,Eco-Friendly,1,0.55,1
1184,Medium,2,9,8,9,6,6.48,0,0,Organic Search,Non-Eco-Friendly,1,0.56,1
1185,Medium,2,1,2,2,4,4.73,4,4,Social Media,Eco-Friendly,2,0.24,0
1186,Low,5,4,5,8,3,9.66,5,5,Organic Search,Eco-Friendly,1,0.51,1
1187,High,5,6,6,2,9,9.59,2,2,Organic Search,Non-Eco-Friendly,1,0.53,1
1188,Low,7,7,5,1,5,13.85,1,1,Social Media,Eco-Friendly,5,0.52,1
1189,Medium,2,10,9,10,7,6.13,2,1,Social Media,Non-Eco-Friendly,1,0.64,1
1190,Medium,7,7,10,3,6,16.84,9,2,Email,Non-Eco-Friendly,3,0.72,1
1191,Low,5,10,1,9,10,19.83,3,1,Social Media,Eco-Friendly,1,0.63,1
1192,Low,6,2,3,3,5,9.8,2,2,Ads,Eco-Friendly,4,0.38,0
1193,Medium,8,4,2,9,7,16.25,6,3,Email,Eco-Friendly,5,0.58,1
1194,High,10,5,3,7,6,4.72,5,2,Email,Non-Eco-Friendly,4,0.56,1
1195,Low,4,1,10,10,10,15.38,1,2,Organic Search,Eco-Friendly,4,0.6,1
1196,Medium,7,1,9,1,2,15.24,1,1,Organic Search,Non-Eco-Friendly,3,0.46,0
1197,Medium,6,10,9,10,3,14.32,4,5,Ads,Eco-Friendly,5,0.77,1
1198,High,10,3,10,5,2,9.92,0,0,Organic Search,Eco-Friendly,2,0.58,1
1199,Medium,2,10,2,9,3,0.0,1,3,Social Media,Non-Eco-Friendly,1,0.43,0
1200,Medium,8,3,3,3,1,6.79,1,0,Social Media,Eco-Friendly,3,0.36,0
