Customer_ID,Cultural_Eco_Alignment,Emotional_Guilt_Score,Emotional_Pride_Score,Social_Influence_Score,Green_Knowledge_Level,Time_Spent_on_Green_Products,Clicks_on_Green_Products,Previous_Green_Purchases,Referral_Source,Product_Category,Green_Product_Rating,Green_Consumption_Score,Green_Purchase_Made
1,5,10,8,4,9,9,2,1,Social Media,Eco-Friendly,1,0.66,1
2,9,9,9,9,5,6,2,2,Social Media,Eco-Friendly,4,0.74,1
3,3,5,1,3,9,10,3,4,Email,Eco-Friendly,3,0.41,0
4,9,10,2,7,10,14,2,0,Ads,Non-Eco-Friendly,4,0.67,1
5,6,4,10,3,6,4,4,4,Social Media,Non-Eco-Friendly,3,0.57,1
6,4,6,2,7,9,10,2,5,Email,Non-Eco-Friendly,3,0.51,1
7,7,8,4,7,7,11,2,2,Ads,Non-Eco-Friendly,2,0.61,1
8,8,3,2,9,7,6,4,1,Email,Non-Eco-Friendly,5,0.48,0
9,6,10,7,2,8,7,1,2,Email,Eco-Friendly,3,0.62,1
10,5,1,9,6,7,11,1,1,Ads,Eco-Friendly,1,0.5,1
11,6,4,7,9,9,4,4,1,Organic Search,Eco-Friendly,5,0.57,1
12,5,4,6,2,9,12,3,2,Organic Search,Non-Eco-Friendly,2,0.5,1
13,8,1,10,2,6,6,8,0,Social Media,Non-Eco-Friendly,5,0.53,1
14,1,9,1,5,7,15,1,0,Ads,Eco-Friendly,5,0.42,0
15,7,3,10,10,2,22,4,3,Social Media,Non-Eco-Friendly,3,0.68,1
16,10,5,9,10,9,6,2,2,Email,Eco-Friendly,1,0.73,1
17,10,6,5,10,1,13,2,2,Organic Search,Eco-Friendly,3,0.62,1
18,2,8,5,8,1,6,3,0,Social Media,Eco-Friendly,1,0.44,0
19,9,6,6,9,3,15,4,1,Social Media,Non-Eco-Friendly,1,0.65,1
20,1,3,9,2,6,4,3,0,Organic Search,Non-Eco-Friendly,4,0.37,0
21,10,6,8,5,5,12,4,1,Email,Eco-Friendly,3,0.67,1
22,6,1,8,7,2,6,5,0,Social Media,Eco-Friendly,2,0.44,0
23,9,4,8,6,9,9,5,2,Social Media,Non-Eco-Friendly,5,0.66,1
24,1,6,1,6,10,5,2,3,Ads,Non-Eco-Friendly,4,0.38,0
25,4,7,1,7,4,14,5,2,Ads,Non-Eco-Friendly,2,0.47,0
26,4,10,8,3,4,6,3,5,Organic Search,Non-Eco-Friendly,3,0.6,1
27,9,3,5,3,5,13,5,4,Organic Search,Eco-Friendly,1,0.55,1
28,5,9,9,10,8,8,3,2,Email,Eco-Friendly,3,0.72,1
29,5,7,2,9,10,9,6,1,Email,Non-Eco-Friendly,3,0.56,1
30,6,1,9,8,4,11,1,2,Social Media,Non-Eco-Friendly,4,0.52,1
31,1,2,8,5,5,6,1,1,Ads,Non-Eco-Friendly,2,0.37,0
32,1,1,9,6,4,11,4,2,Email,Non-Eco-Friendly,4,0.42,0
33,9,9,4,10,6,18,3,3,Social Media,Eco-Friendly,2,0.73,1
34,3,9,1,1,3,6,7,2,Social Media,Non-Eco-Friendly,4,0.39,0
35,4,7,1,10,8,16,2,0,Organic Search,Non-Eco-Friendly,5,0.51,1
36,1,10,5,1,6,17,0,3,Ads,Eco-Friendly,1,0.51,1
37,9,3,2,4,10,6,2,7,Social Media,Non-Eco-Friendly,1,0.53,1
38,8,5,8,2,5,3,3,2,Organic Search,Eco-Friendly,1,0.54,1
39,2,4,10,7,2,12,2,2,Social Media,Eco-Friendly,5,0.5,0
40,8,7,5,2,10,7,3,2,Ads,Eco-Friendly,5,0.59,1
41,7,9,5,10,10,19,3,2,Social Media,Non-Eco-Friendly,1,0.75,1
42,6,2,2,2,7,10,1,2,Social Media,Eco-Friendly,1,0.37,0
43,1,8,7,5,2,6,4,1,Email,Non-Eco-Friendly,2,0.45,0
44,7,9,8,4,1,4,4,1,Email,Non-Eco-Friendly,2,0.58,1
45,10,10,10,8,7,15,4,3,Organic Search,Eco-Friendly,3,0.88,1
46,7,10,1,4,5,7,3,3,Social Media,Eco-Friendly,4,0.53,1
47,9,9,2,6,1,10,2,2,Organic Search,Eco-Friendly,2,0.55,1
48,1,10,10,5,4,15,2,2,Ads,Non-Eco-Friendly,2,0.61,1
49,2,7,4,2,4,8,2,2,Organic Search,Non-Eco-Friendly,2,0.39,0
50,9,9,5,8,10,10,0,0,Social Media,Eco-Friendly,2,0.69,1
51,9,9,2,2,7,10,4,3,Email,Non-Eco-Friendly,5,0.59,1
52,6,3,1,9,9,13,2,2,Email,Eco-Friendly,3,0.48,0
53,6,4,9,9,2,13,4,2,Organic Search,Non-Eco-Friendly,2,0.59,1
54,4,2,1,3,1,9,2,1,Email,Non-Eco-Friendly,4,0.24,0
55,4,10,4,4,2,10,7,3,Social Media,Non-Eco-Friendly,2,0.54,1
56,5,3,2,8,7,8,5,5,Social Media,Non-Eco-Friendly,5,0.47,0
57,3,5,4,9,10,3,3,0,Ads,Eco-Friendly,1,0.46,0
58,1,5,8,3,6,11,1,0,Email,Eco-Friendly,1,0.43,0
59,1,6,8,5,4,19,4,1,Email,Eco-Friendly,3,0.52,1
60,7,7,9,8,1,6,1,2,Ads,Non-Eco-Friendly,1,0.6,1
61,1,7,5,3,1,6,2,2,Organic Search,Non-Eco-Friendly,2,0.36,0
62,1,1,7,7,5,6,2,1,Ads,Eco-Friendly,5,0.35,0
63,3,2,3,8,1,14,4,5,Email,Eco-Friendly,3,0.39,0
64,10,9,10,10,7,12,5,0,Organic Search,Eco-Friendly,2,0.84,1
65,4,10,4,3,1,9,2,1,Social Media,Non-Eco-Friendly,1,0.47,0
66,4,2,10,2,1,5,2,2,Social Media,Eco-Friendly,4,0.41,0
67,2,6,9,10,2,10,2,2,Ads,Eco-Friendly,2,0.54,1
68,1,1,10,7,10,2,3,3,Social Media,Eco-Friendly,4,0.47,0
69,3,3,10,9,3,11,4,0,Email,Eco-Friendly,4,0.51,1
70,4,2,1,1,1,14,1,2,Ads,Eco-Friendly,3,0.26,0
71,3,3,2,3,9,4,4,0,Email,Eco-Friendly,5,0.32,0
72,8,5,5,5,10,2,5,1,Email,Eco-Friendly,1,0.56,1
73,10,10,3,3,8,18,1,4,Organic Search,Eco-Friendly,1,0.7,1
74,1,6,2,1,5,7,2,6,Organic Search,Eco-Friendly,2,0.34,0
75,2,9,1,7,2,16,3,0,Organic Search,Non-Eco-Friendly,1,0.42,0
76,7,10,10,7,5,9,1,3,Social Media,Eco-Friendly,3,0.74,1
77,4,4,3,10,6,9,3,0,Organic Search,Eco-Friendly,1,0.44,0
78,8,7,1,8,1,12,4,0,Email,Eco-Friendly,2,0.49,0
79,3,6,1,5,4,6,4,1,Ads,Non-Eco-Friendly,1,0.35,0
80,6,2,1,10,9,11,3,4,Ads,Non-Eco-Friendly,5,0.48,0
81,9,10,8,5,2,8,5,3,Email,Eco-Friendly,4,0.71,1
82,1,8,3,5,5,3,1,0,Social Media,Non-Eco-Friendly,4,0.36,0
83,1,7,1,1,1,12,4,0,Ads,Non-Eco-Friendly,4,0.28,0
84,8,7,7,10,4,9,2,0,Email,Eco-Friendly,5,0.63,1
85,3,8,10,5,4,9,1,2,Email,Non-Eco-Friendly,3,0.58,1
86,5,1,3,6,6,4,4,4,Email,Non-Eco-Friendly,2,0.38,0
87,1,1,8,1,10,18,3,2,Ads,Eco-Friendly,5,0.43,0
88,5,8,4,7,9,14,2,3,Ads,Eco-Friendly,2,0.61,1
89,6,4,4,1,3,15,2,0,Organic Search,Non-Eco-Friendly,3,0.4,0
90,8,5,5,2,9,8,1,3,Organic Search,Eco-Friendly,5,0.55,1
91,3,8,6,2,6,1,2,5,Email,Eco-Friendly,1,0.49,0
92,3,5,7,5,7,20,4,2,Email,Eco-Friendly,3,0.56,1
93,10,10,4,10,10,10,4,4,Email,Non-Eco-Friendly,4,0.79,1
94,9,4,8,7,2,6,6,2,Email,Eco-Friendly,5,0.59,1
95,4,6,6,1,10,12,1,3,Ads,Non-Eco-Friendly,3,0.53,1
96,4,5,1,10,6,16,4,1,Organic Search,Non-Eco-Friendly,3,0.47,0
97,7,7,1,1,6,10,0,1,Social Media,Eco-Friendly,5,0.43,0
98,2,10,9,1,2,16,2,1,Email,Non-Eco-Friendly,4,0.55,1
99,8,7,10,6,2,15,2,5,Organic Search,Eco-Friendly,4,0.72,1
100,6,4,6,2,2,5,2,2,Email,Eco-Friendly,3,0.41,0
101,3,5,10,1,10,7,1,3,Ads,Eco-Friendly,2,0.54,1
102,9,3,8,6,1,15,3,0,Social Media,Eco-Friendly,3,0.56,1
103,5,4,7,2,5,0,5,1,Organic Search,Eco-Friendly,5,0.42,0
104,8,4,6,6,8,9,1,3,Organic Search,Non-Eco-Friendly,5,0.58,1
105,7,3,4,10,2,3,2,2,Social Media,Non-Eco-Friendly,5,0.44,0
106,8,10,7,8,5,8,5,1,Ads,Eco-Friendly,4,0.7,1
107,7,5,9,2,8,9,2,1,Social Media,Non-Eco-Friendly,1,0.58,1
108,3,5,10,9,10,8,2,1,Organic Search,Non-Eco-Friendly,5,0.61,1
109,2,7,10,8,5,7,4,1,Social Media,Non-Eco-Friendly,5,0.58,1
110,7,4,7,10,2,5,2,1,Ads,Non-Eco-Friendly,2,0.52,1
111,3,4,1,1,3,21,2,2,Ads,Eco-Friendly,2,0.34,0
112,3,9,10,7,6,19,3,2,Email,Eco-Friendly,3,0.7,1
113,2,6,9,10,5,4,4,0,Social Media,Eco-Friendly,3,0.53,1
114,4,4,4,6,4,18,4,1,Social Media,Non-Eco-Friendly,3,0.46,0
115,8,2,3,6,4,8,4,1,Organic Search,Non-Eco-Friendly,5,0.43,0
116,1,6,4,6,5,11,5,4,Ads,Eco-Friendly,2,0.45,0
117,1,2,4,6,2,10,2,1,Social Media,Eco-Friendly,3,0.29,0
118,5,5,10,10,9,7,0,1,Organic Search,Non-Eco-Friendly,2,0.63,1
119,5,6,2,7,2,15,3,0,Email,Eco-Friendly,5,0.44,0
120,1,4,1,3,10,11,3,0,Social Media,Non-Eco-Friendly,5,0.32,0
121,6,3,10,6,2,8,2,1,Social Media,Eco-Friendly,3,0.52,1
122,1,7,1,3,10,3,3,4,Organic Search,Eco-Friendly,5,0.38,0
123,5,2,8,7,9,6,5,1,Organic Search,Non-Eco-Friendly,5,0.52,1
124,9,6,2,7,3,2,1,1,Ads,Eco-Friendly,2,0.46,0
125,5,4,10,8,10,10,2,1,Ads,Eco-Friendly,1,0.63,1
126,6,6,5,2,7,4,4,1,Ads,Eco-Friendly,4,0.48,0
127,8,4,4,9,4,9,2,1,Social Media,Eco-Friendly,3,0.51,1
128,1,4,8,5,6,17,0,0,Organic Search,Eco-Friendly,1,0.45,0
129,2,4,2,9,4,16,5,1,Ads,Eco-Friendly,3,0.4,0
130,9,9,10,10,10,10,0,1,Social Media,Non-Eco-Friendly,1,0.82,1
131,3,7,9,5,7,10,2,3,Ads,Non-Eco-Friendly,5,0.59,1
132,6,3,7,7,1,19,3,5,Email,Non-Eco-Friendly,3,0.56,1
133,5,3,7,9,3,13,2,7,Social Media,Non-Eco-Friendly,1,0.56,1
134,2,6,1,4,3,8,6,5,Ads,Non-Eco-Friendly,4,0.37,0
135,7,6,2,2,1,3,5,0,Ads,Eco-Friendly,5,0.37,0
136,4,4,4,9,6,12,3,3,Email,Eco-Friendly,3,0.49,0
137,1,9,4,2,9,14,4,4,Email,Non-Eco-Friendly,3,0.52,1
138,4,4,3,3,8,7,5,1,Ads,Eco-Friendly,1,0.4,0
139,6,9,7,10,7,11,2,1,Ads,Eco-Friendly,3,0.69,1
140,7,4,8,2,10,8,2,4,Organic Search,Eco-Friendly,5,0.59,1
141,7,2,2,3,8,9,4,1,Ads,Eco-Friendly,2,0.41,0
142,7,2,4,6,6,0,4,0,Ads,Eco-Friendly,1,0.4,0
143,3,5,3,3,9,9,7,1,Organic Search,Non-Eco-Friendly,4,0.43,0
144,6,4,2,10,3,15,6,2,Organic Search,Non-Eco-Friendly,3,0.49,0
145,8,7,6,8,10,7,4,0,Ads,Eco-Friendly,5,0.65,1
146,4,5,4,6,10,10,3,3,Organic Search,Non-Eco-Friendly,3,0.52,1
147,8,6,6,7,9,6,5,2,Social Media,Non-Eco-Friendly,4,0.64,1
148,2,10,2,1,4,12,2,5,Email,Non-Eco-Friendly,5,0.45,0
149,10,4,4,3,7,9,6,3,Social Media,Non-Eco-Friendly,4,0.56,1
150,9,2,6,3,9,5,2,3,Email,Eco-Friendly,5,0.53,1
151,9,10,5,2,2,17,6,1,Email,Non-Eco-Friendly,2,0.64,1
152,8,9,3,7,2,15,3,2,Ads,Eco-Friendly,5,0.6,1
153,10,10,8,9,9,7,2,4,Email,Non-Eco-Friendly,4,0.82,1
154,10,7,7,4,3,12,5,2,Social Media,Non-Eco-Friendly,1,0.66,1
155,1,4,3,5,9,13,3,1,Ads,Eco-Friendly,2,0.39,0
156,2,3,6,3,5,13,2,2,Organic Search,Eco-Friendly,3,0.4,0
157,6,10,4,9,6,2,2,5,Social Media,Non-Eco-Friendly,2,0.62,1
158,10,3,5,4,2,15,1,3,Ads,Non-Eco-Friendly,2,0.53,1
159,5,9,5,5,8,7,4,1,Email,Eco-Friendly,3,0.58,1
160,9,5,7,1,9,8,2,4,Social Media,Non-Eco-Friendly,5,0.61,1
161,5,3,5,2,2,23,3,0,Email,Eco-Friendly,2,0.43,0
162,2,5,3,9,6,12,2,2,Ads,Eco-Friendly,2,0.44,0
163,10,2,10,2,6,8,3,2,Ads,Eco-Friendly,1,0.6,1
164,4,4,5,5,8,0,2,2,Organic Search,Non-Eco-Friendly,1,0.42,0
165,9,10,7,8,10,17,0,5,Organic Search,Eco-Friendly,4,0.83,1
166,1,2,5,3,5,3,2,1,Social Media,Eco-Friendly,3,0.28,0
167,1,2,5,6,9,5,3,1,Organic Search,Non-Eco-Friendly,5,0.36,0
168,7,8,9,4,1,8,1,1,Email,Eco-Friendly,5,0.59,1
169,3,1,3,7,9,17,2,1,Email,Non-Eco-Friendly,4,0.41,0
170,10,7,6,10,10,14,3,2,Organic Search,Non-Eco-Friendly,5,0.76,1
171,2,5,1,3,7,9,1,3,Organic Search,Eco-Friendly,5,0.34,0
172,9,8,10,6,4,12,4,3,Organic Search,Non-Eco-Friendly,1,0.75,1
173,3,1,5,10,3,7,1,2,Social Media,Non-Eco-Friendly,5,0.37,0
174,2,7,8,9,10,11,5,1,Social Media,Non-Eco-Friendly,5,0.62,1
175,8,5,5,10,6,10,1,1,Email,Eco-Friendly,4,0.59,1
176,10,4,9,1,1,15,1,4,Social Media,Eco-Friendly,4,0.6,1
177,6,7,6,3,3,15,5,2,Social Media,Eco-Friendly,2,0.56,1
178,6,10,8,2,2,12,0,1,Ads,Non-Eco-Friendly,5,0.59,1
179,10,2,10,8,9,8,2,1,Email,Eco-Friendly,5,0.67,1
180,7,1,8,7,3,14,2,5,Email,Eco-Friendly,5,0.55,1
181,7,1,3,2,2,10,4,1,Organic Search,Non-Eco-Friendly,1,0.34,0
182,6,1,7,6,4,5,2,2,Ads,Eco-Friendly,5,0.43,0
183,4,5,7,3,2,8,4,4,Organic Search,Non-Eco-Friendly,1,0.47,0
184,9,10,10,8,1,10,5,2,Social Media,Eco-Friendly,2,0.77,1
185,6,7,6,10,6,15,2,2,Email,Non-Eco-Friendly,3,0.64,1
186,4,2,7,3,10,9,3,1,Social Media,Non-Eco-Friendly,5,0.46,0
187,3,10,2,10,8,4,4,1,Social Media,Non-Eco-Friendly,4,0.53,1
188,4,8,9,9,10,10,5,1,Ads,Non-Eco-Friendly,4,0.7,1
189,3,4,10,1,10,11,2,2,Ads,Eco-Friendly,5,0.53,1
190,2,3,10,5,2,11,4,2,Email,Non-Eco-Friendly,1,0.46,0
191,5,10,1,3,9,15,4,0,Email,Non-Eco-Friendly,4,0.53,1
192,2,8,1,6,3,15,2,3,Ads,Non-Eco-Friendly,4,0.43,0
193,6,2,3,10,8,7,3,3,Ads,Non-Eco-Friendly,2,0.48,0
194,3,3,3,2,8,7,0,1,Ads,Non-Eco-Friendly,2,0.32,0
195,6,3,1,9,3,5,7,3,Ads,Non-Eco-Friendly,2,0.41,0
196,10,10,7,6,3,13,0,4,Email,Eco-Friendly,4,0.74,1
197,9,1,4,7,6,17,0,4,Email,Non-Eco-Friendly,4,0.54,1
198,1,6,10,5,1,8,1,2,Social Media,Eco-Friendly,5,0.47,0
199,6,2,2,9,4,9,1,1,Social Media,Non-Eco-Friendly,5,0.39,0
200,9,1,10,1,1,17,0,0,Social Media,Non-Eco-Friendly,1,0.51,1
201,4,2,5,5,3,13,1,3,Email,Eco-Friendly,4,0.4,0
202,2,6,6,10,9,12,5,2,Organic Search,Non-Eco-Friendly,5,0.58,1
203,4,4,9,6,5,4,0,0,Social Media,Non-Eco-Friendly,5,0.47,0
204,1,6,4,7,5,13,6,5,Organic Search,Eco-Friendly,2,0.49,0
205,3,9,2,4,4,5,3,4,Organic Search,Eco-Friendly,2,0.44,0
206,10,10,5,1,3,4,4,1,Organic Search,Eco-Friendly,2,0.59,1
207,9,10,3,8,5,8,0,4,Ads,Eco-Friendly,3,0.65,1
208,10,8,2,10,4,7,7,3,Email,Non-Eco-Friendly,5,0.64,1
209,5,1,1,4,8,9,4,4,Email,Eco-Friendly,2,0.36,0
210,6,8,10,3,4,3,0,3,Social Media,Eco-Friendly,2,0.59,1
211,3,9,2,7,8,15,2,1,Social Media,Eco-Friendly,4,0.52,1
212,5,6,6,2,6,16,8,3,Email,Non-Eco-Friendly,2,0.57,1
213,8,10,8,8,5,0,3,2,Ads,Eco-Friendly,4,0.69,1
214,6,5,3,6,4,15,2,2,Email,Non-Eco-Friendly,1,0.48,0
215,4,6,9,7,4,6,3,2,Organic Search,Non-Eco-Friendly,2,0.55,1
216,2,6,9,5,4,14,4,1,Email,Non-Eco-Friendly,4,0.53,1
217,9,9,2,9,9,10,1,5,Ads,Non-Eco-Friendly,2,0.68,1
218,1,4,8,5,4,10,5,4,Email,Eco-Friendly,1,0.47,0
219,1,2,10,5,9,9,1,1,Email,Eco-Friendly,2,0.46,0
220,4,9,5,3,10,16,5,3,Email,Non-Eco-Friendly,4,0.63,1
221,7,2,4,1,6,4,2,3,Organic Search,Eco-Friendly,1,0.39,0
222,1,10,10,2,10,13,1,4,Social Media,Eco-Friendly,1,0.65,1
223,9,9,5,8,7,16,0,1,Ads,Eco-Friendly,1,0.7,1
224,4,2,4,1,10,14,2,1,Organic Search,Eco-Friendly,3,0.4,0
225,3,8,8,7,3,22,1,2,Email,Non-Eco-Friendly,4,0.61,1
226,1,9,4,5,8,7,2,1,Email,Eco-Friendly,3,0.47,0
227,10,10,10,3,3,15,0,1,Social Media,Eco-Friendly,1,0.74,1
228,4,9,6,7,1,9,3,0,Social Media,Non-Eco-Friendly,3,0.52,1
229,9,10,2,9,10,16,6,2,Social Media,Eco-Friendly,2,0.74,1
230,10,9,5,2,5,10,2,2,Organic Search,Eco-Friendly,3,0.63,1
231,6,2,6,8,2,8,0,1,Ads,Eco-Friendly,5,0.43,0
232,6,4,5,9,10,17,2,1,Social Media,Non-Eco-Friendly,1,0.59,1
233,1,7,2,3,6,8,1,3,Email,Eco-Friendly,1,0.36,0
234,10,2,7,2,10,3,6,2,Ads,Eco-Friendly,4,0.56,1
235,2,1,4,7,9,7,4,1,Email,Non-Eco-Friendly,2,0.37,0
236,6,3,8,5,1,13,1,1,Email,Eco-Friendly,4,0.48,0
237,2,4,7,5,4,17,2,1,Ads,Non-Eco-Friendly,3,0.45,0
238,3,8,7,10,1,11,5,2,Organic Search,Non-Eco-Friendly,5,0.57,1
239,4,6,9,5,1,17,2,4,Ads,Non-Eco-Friendly,5,0.57,1
240,5,2,1,4,8,3,3,1,Social Media,Eco-Friendly,5,0.32,0
241,9,9,10,5,2,8,2,0,Ads,Eco-Friendly,5,0.68,1
242,4,2,6,4,1,9,1,1,Social Media,Eco-Friendly,2,0.35,0
243,9,5,6,6,8,9,5,2,Social Media,Eco-Friendly,3,0.63,1
244,10,4,6,4,4,10,3,0,Ads,Eco-Friendly,5,0.55,1
245,3,7,6,2,3,13,3,3,Ads,Non-Eco-Friendly,1,0.48,0
246,8,8,10,9,4,8,2,1,Social Media,Non-Eco-Friendly,3,0.71,1
247,1,5,7,2,5,11,5,1,Email,Non-Eco-Friendly,2,0.42,0
248,9,10,10,9,1,10,2,7,Ads,Non-Eco-Friendly,5,0.81,1
249,9,5,6,10,1,5,2,1,Organic Search,Eco-Friendly,2,0.56,1
250,10,2,1,6,3,9,2,1,Social Media,Non-Eco-Friendly,5,0.42,0
251,2,8,3,9,6,9,0,0,Email,Non-Eco-Friendly,1,0.46,0
252,4,2,2,9,1,9,3,5,Ads,Eco-Friendly,3,0.37,0
253,8,10,6,3,2,10,5,1,Ads,Non-Eco-Friendly,1,0.62,1
254,7,6,8,1,7,10,2,2,Email,Eco-Friendly,5,0.58,1
255,1,8,3,1,1,8,2,0,Organic Search,Eco-Friendly,4,0.31,0
256,5,6,10,3,7,16,4,2,Social Media,Eco-Friendly,3,0.64,1
257,7,4,8,5,4,4,5,2,Ads,Non-Eco-Friendly,2,0.54,1
258,4,4,8,3,10,6,4,4,Organic Search,Non-Eco-Friendly,5,0.54,1
259,1,6,5,9,6,24,2,2,Social Media,Non-Eco-Friendly,1,0.54,1
260,9,4,8,9,8,5,2,2,Organic Search,Non-Eco-Friendly,4,0.64,1
261,5,8,6,3,9,3,2,2,Social Media,Non-Eco-Friendly,5,0.55,1
262,2,9,5,3,6,14,2,0,Social Media,Non-Eco-Friendly,2,0.49,0
263,8,1,9,5,9,0,2,5,Organic Search,Eco-Friendly,1,0.56,1
264,2,4,7,2,4,9,3,1,Social Media,Eco-Friendly,3,0.39,0
265,3,4,8,6,6,21,5,6,Ads,Non-Eco-Friendly,4,0.61,1
266,10,2,1,7,8,2,3,3,Ads,Non-Eco-Friendly,5,0.47,0
267,1,6,2,9,9,0,3,3,Organic Search,Eco-Friendly,5,0.41,0
268,2,3,8,6,3,2,5,2,Organic Search,Eco-Friendly,5,0.41,0
269,7,7,9,3,2,14,4,1,Social Media,Eco-Friendly,5,0.61,1
270,10,5,4,5,6,16,1,5,Social Media,Non-Eco-Friendly,1,0.62,1
271,2,4,10,4,4,7,2,0,Organic Search,Non-Eco-Friendly,3,0.45,0
272,6,5,10,5,1,13,1,2,Email,Non-Eco-Friendly,2,0.57,1
273,3,8,9,8,8,17,5,3,Organic Search,Eco-Friendly,4,0.7,1
274,4,3,4,8,9,19,0,1,Email,Non-Eco-Friendly,5,0.49,0
275,8,7,10,6,9,9,5,2,Email,Non-Eco-Friendly,5,0.74,1
276,3,6,10,1,2,0,4,1,Organic Search,Non-Eco-Friendly,3,0.44,0
277,10,1,10,8,9,6,3,2,Organic Search,Non-Eco-Friendly,3,0.65,1
278,6,7,9,8,7,8,3,1,Organic Search,Non-Eco-Friendly,1,0.65,1
279,1,7,7,2,5,9,3,1,Email,Non-Eco-Friendly,1,0.44,0
280,7,1,2,4,7,9,1,4,Ads,Eco-Friendly,1,0.4,0
281,8,9,9,2,9,16,1,3,Ads,Non-Eco-Friendly,4,0.74,1
282,8,6,4,4,8,16,2,3,Organic Search,Eco-Friendly,1,0.6,1
283,3,2,8,10,6,9,3,1,Organic Search,Eco-Friendly,5,0.49,0
284,10,5,7,7,4,15,3,1,Social Media,Eco-Friendly,1,0.65,1
285,1,4,7,9,1,12,3,3,Social Media,Non-Eco-Friendly,4,0.44,0
286,9,7,8,8,6,10,4,5,Social Media,Non-Eco-Friendly,1,0.74,1
287,6,8,1,9,3,15,5,1,Organic Search,Non-Eco-Friendly,1,0.53,1
288,9,1,5,8,6,10,2,5,Ads,Non-Eco-Friendly,5,0.55,1
289,7,5,2,2,6,20,2,1,Ads,Eco-Friendly,5,0.48,0
290,1,3,2,7,4,3,3,2,Organic Search,Non-Eco-Friendly,5,0.28,0
291,1,1,1,2,2,7,2,2,Organic Search,Eco-Friendly,1,0.17,0
292,6,3,5,2,9,9,4,1,Email,Non-Eco-Friendly,5,0.47,0
293,5,6,2,4,2,12,5,2,Email,Non-Eco-Friendly,3,0.43,0
294,9,7,4,1,3,16,4,2,Ads,Eco-Friendly,2,0.56,1
295,2,8,3,5,10,10,4,2,Social Media,Eco-Friendly,2,0.5,0
296,8,4,3,6,1,3,5,2,Ads,Eco-Friendly,5,0.43,0
297,5,3,2,9,7,14,2,3,Email,Non-Eco-Friendly,4,0.47,0
298,2,5,6,10,1,14,5,0,Ads,Eco-Friendly,5,0.46,0
299,10,9,2,8,9,0,1,4,Email,Eco-Friendly,5,0.64,1
300,6,6,8,2,1,10,2,1,Email,Eco-Friendly,1,0.5,0
301,10,9,8,1,5,2,3,0,Social Media,Non-Eco-Friendly,4,0.63,1
302,8,6,5,2,7,7,3,1,Social Media,Eco-Friendly,5,0.53,1
303,4,2,10,7,3,5,3,0,Email,Eco-Friendly,3,0.46,0
304,2,5,7,4,9,14,2,1,Organic Search,Non-Eco-Friendly,2,0.5,1
305,5,9,4,10,8,11,5,1,Social Media,Eco-Friendly,3,0.63,1
306,2,8,1,5,3,4,3,2,Email,Eco-Friendly,3,0.35,0
307,2,7,2,7,5,14,2,2,Organic Search,Eco-Friendly,3,0.44,0
308,6,1,10,3,7,3,3,0,Organic Search,Non-Eco-Friendly,4,0.47,0
309,10,4,10,10,4,12,6,2,Ads,Eco-Friendly,4,0.73,1
310,9,7,4,2,5,6,8,2,Ads,Eco-Friendly,4,0.56,1
311,4,7,1,7,3,8,3,3,Social Media,Eco-Friendly,2,0.43,0
312,6,6,8,5,9,13,0,5,Organic Search,Eco-Friendly,1,0.65,1
313,7,8,9,1,10,13,5,2,Social Media,Eco-Friendly,5,0.7,1
314,6,6,4,1,9,17,3,1,Email,Eco-Friendly,5,0.53,1
315,8,10,10,9,7,10,4,2,Social Media,Eco-Friendly,1,0.81,1
316,4,3,3,5,10,12,3,0,Organic Search,Non-Eco-Friendly,5,0.42,0
317,1,4,2,1,2,8,2,5,Ads,Non-Eco-Friendly,3,0.27,0
318,7,3,5,7,7,11,3,1,Social Media,Non-Eco-Friendly,2,0.52,1
319,3,1,3,9,7,12,1,1,Ads,Eco-Friendly,5,0.38,0
320,6,10,10,1,5,10,3,1,Social Media,Non-Eco-Friendly,2,0.65,1
321,2,5,7,10,9,1,0,2,Email,Eco-Friendly,1,0.49,0
322,9,1,6,4,3,12,1,1,Organic Search,Eco-Friendly,5,0.46,0
323,1,1,1,3,4,12,3,3,Social Media,Eco-Friendly,2,0.23,0
324,6,2,8,5,1,7,1,4,Email,Non-Eco-Friendly,3,0.46,0
325,6,4,2,7,6,4,0,2,Email,Non-Eco-Friendly,3,0.41,0
326,5,6,5,8,4,17,0,2,Email,Eco-Friendly,1,0.55,1
327,5,8,9,2,1,12,4,2,Ads,Eco-Friendly,4,0.57,1
328,1,3,8,7,2,9,3,2,Ads,Non-Eco-Friendly,5,0.41,0
329,10,1,2,1,3,4,4,1,Email,Non-Eco-Friendly,3,0.35,0
330,5,3,9,7,9,6,7,2,Email,Non-Eco-Friendly,3,0.58,1
331,2,3,5,8,8,17,3,2,Social Media,Non-Eco-Friendly,1,0.48,0
332,7,5,10,2,7,11,1,2,Social Media,Non-Eco-Friendly,3,0.61,1
333,3,4,6,9,4,7,3,5,Organic Search,Non-Eco-Friendly,5,0.49,0
334,4,4,3,1,1,13,3,2,Social Media,Non-Eco-Friendly,1,0.34,0
335,3,9,3,6,8,6,2,3,Organic Search,Eco-Friendly,2,0.51,1
336,3,7,10,1,4,18,7,0,Organic Search,Eco-Friendly,1,0.57,1
337,4,4,8,3,3,17,2,2,Organic Search,Non-Eco-Friendly,5,0.49,0
338,5,3,10,6,9,8,4,2,Ads,Non-Eco-Friendly,5,0.59,1
339,1,6,10,3,10,7,3,1,Social Media,Eco-Friendly,2,0.53,1
340,4,3,2,8,4,0,2,2,Email,Non-Eco-Friendly,1,0.33,0
341,8,6,2,5,4,3,0,1,Organic Search,Eco-Friendly,5,0.43,0
342,10,9,5,2,9,3,7,2,Email,Eco-Friendly,5,0.66,1
343,7,6,6,4,2,11,5,4,Organic Search,Non-Eco-Friendly,2,0.56,1
344,9,4,2,9,5,8,5,3,Social Media,Eco-Friendly,4,0.54,1
345,5,5,5,4,4,3,1,1,Organic Search,Non-Eco-Friendly,1,0.41,0
346,10,6,7,10,9,9,4,3,Social Media,Non-Eco-Friendly,5,0.74,1
347,4,3,10,10,5,13,4,3,Email,Eco-Friendly,3,0.6,1
348,8,8,10,8,9,13,2,4,Social Media,Eco-Friendly,2,0.8,1
349,9,4,8,5,9,0,1,3,Email,Eco-Friendly,4,0.6,1
350,7,8,7,10,2,9,4,1,Social Media,Non-Eco-Friendly,4,0.64,1
351,7,10,8,1,9,3,5,2,Organic Search,Non-Eco-Friendly,2,0.66,1
352,5,10,9,7,3,15,5,2,Organic Search,Non-Eco-Friendly,4,0.7,1
353,4,3,5,3,4,14,2,2,Social Media,Non-Eco-Friendly,5,0.41,0
354,10,10,5,10,1,6,6,3,Email,Non-Eco-Friendly,4,0.7,1
355,1,7,10,8,1,6,3,2,Email,Non-Eco-Friendly,1,0.52,1
356,10,9,4,3,1,8,4,0,Email,Non-Eco-Friendly,3,0.56,1
357,10,4,9,1,9,0,4,1,Social Media,Eco-Friendly,5,0.59,1
358,7,8,5,5,8,12,2,1,Social Media,Non-Eco-Friendly,2,0.61,1
359,1,3,2,2,5,9,10,1,Social Media,Eco-Friendly,3,0.29,0
360,1,7,10,4,5,15,4,1,Social Media,Eco-Friendly,5,0.55,1
361,5,3,8,1,9,5,3,3,Email,Non-Eco-Friendly,3,0.49,0
362,9,7,7,9,3,7,0,0,Email,Eco-Friendly,4,0.61,1
363,6,10,8,6,3,2,2,2,Ads,Eco-Friendly,2,0.61,1
364,3,10,3,8,7,5,2,1,Social Media,Eco-Friendly,2,0.51,1
365,3,6,4,4,9,4,1,2,Ads,Non-Eco-Friendly,1,0.44,0
366,7,2,5,9,6,15,4,1,Social Media,Eco-Friendly,4,0.53,1
367,6,3,6,2,2,7,4,1,Ads,Non-Eco-Friendly,1,0.4,0
368,9,6,1,9,1,11,2,1,Email,Non-Eco-Friendly,1,0.49,0
369,6,4,4,5,2,8,3,2,Email,Non-Eco-Friendly,4,0.43,0
370,5,6,10,6,1,4,6,2,Ads,Eco-Friendly,5,0.56,1
371,10,1,5,3,10,9,2,2,Organic Search,Eco-Friendly,1,0.53,1
372,7,10,7,4,10,13,2,2,Social Media,Non-Eco-Friendly,3,0.71,1
373,1,1,5,6,9,4,4,1,Ads,Non-Eco-Friendly,5,0.34,0
374,7,3,1,7,10,14,5,1,Ads,Non-Eco-Friendly,4,0.5,0
375,3,8,7,1,8,6,2,2,Organic Search,Eco-Friendly,2,0.51,1
376,9,8,8,7,7,8,2,2,Email,Eco-Friendly,5,0.71,1
377,6,4,7,1,3,13,4,3,Ads,Eco-Friendly,1,0.49,0
378,9,6,4,5,8,7,3,2,Email,Eco-Friendly,3,0.58,1
379,5,8,8,6,2,10,4,1,Social Media,Eco-Friendly,4,0.58,1
380,7,7,5,2,2,8,3,2,Organic Search,Eco-Friendly,2,0.5,0
381,4,7,10,10,10,11,2,2,Email,Eco-Friendly,3,0.7,1
382,7,4,9,9,3,0,5,2,Ads,Non-Eco-Friendly,2,0.57,1
383,1,9,10,10,7,1,0,2,Organic Search,Eco-Friendly,4,0.59,1
384,7,10,5,6,1,13,4,2,Organic Search,Non-Eco-Friendly,5,0.62,1
385,8,6,1,7,8,15,3,1,Organic Search,Eco-Friendly,1,0.55,1
386,5,3,9,10,7,5,1,0,Organic Search,Non-Eco-Friendly,4,0.54,1
387,2,5,5,8,4,9,4,1,Organic Search,Eco-Friendly,3,0.43,0
388,5,5,6,10,5,11,4,5,Social Media,Eco-Friendly,5,0.6,1
389,6,5,4,1,10,13,3,4,Social Media,Eco-Friendly,2,0.53,1
390,2,8,6,8,1,0,0,3,Organic Search,Non-Eco-Friendly,5,0.44,0
391,6,9,8,4,4,6,3,2,Ads,Eco-Friendly,5,0.6,1
392,6,9,3,10,1,8,5,2,Ads,Eco-Friendly,3,0.56,1
393,1,6,5,8,1,14,1,2,Social Media,Non-Eco-Friendly,1,0.42,0
394,1,6,2,6,10,22,5,2,Email,Eco-Friendly,5,0.5,0
395,10,9,2,9,1,9,2,0,Organic Search,Eco-Friendly,5,0.57,1
396,3,4,7,4,7,3,2,1,Ads,Non-Eco-Friendly,1,0.42,0
397,10,6,10,2,7,12,2,1,Social Media,Eco-Friendly,1,0.69,1
398,10,4,10,2,4,17,3,0,Social Media,Non-Eco-Friendly,2,0.64,1
399,3,1,10,5,2,11,5,4,Email,Non-Eco-Friendly,2,0.47,0
400,4,7,6,10,3,5,5,2,Email,Non-Eco-Friendly,1,0.54,1
401,2,10,4,9,8,15,2,0,Ads,Eco-Friendly,4,0.57,1
402,9,6,5,3,8,13,3,2,Email,Eco-Friendly,1,0.61,1
403,10,9,1,8,6,5,0,0,Email,Non-Eco-Friendly,2,0.56,1
404,7,7,7,4,10,12,4,3,Organic Search,Non-Eco-Friendly,3,0.67,1
405,7,7,8,6,9,15,2,2,Social Media,Eco-Friendly,3,0.69,1
406,6,2,9,10,9,16,8,1,Social Media,Eco-Friendly,5,0.66,1
407,3,9,8,6,4,10,5,1,Email,Eco-Friendly,3,0.58,1
408,6,10,5,3,1,8,4,3,Social Media,Non-Eco-Friendly,2,0.55,1
409,8,9,3,5,1,16,3,3,Social Media,Eco-Friendly,3,0.59,1
410,8,6,10,3,10,4,3,3,Ads,Non-Eco-Friendly,4,0.67,1
411,9,3,9,1,5,12,1,0,Social Media,Non-Eco-Friendly,1,0.55,1
412,1,1,6,7,2,3,1,0,Email,Eco-Friendly,1,0.27,0
413,1,4,5,4,6,15,3,3,Ads,Eco-Friendly,2,0.42,0
414,3,3,3,7,7,9,4,3,Social Media,Non-Eco-Friendly,5,0.41,0
415,3,1,6,3,1,16,2,1,Social Media,Non-Eco-Friendly,1,0.34,0
416,10,3,3,5,6,12,2,4,Ads,Eco-Friendly,3,0.54,1
417,8,4,10,5,8,4,4,0,Ads,Non-Eco-Friendly,4,0.61,1
418,10,8,6,2,5,17,2,1,Social Media,Eco-Friendly,5,0.66,1
419,1,9,4,10,7,18,3,3,Organic Search,Eco-Friendly,5,0.58,1
420,2,3,2,2,10,14,2,2,Organic Search,Non-Eco-Friendly,5,0.36,0
421,2,6,8,4,6,6,1,2,Social Media,Non-Eco-Friendly,1,0.48,0
422,3,10,4,4,4,8,4,1,Social Media,Eco-Friendly,5,0.49,0
423,6,5,9,4,7,11,3,4,Ads,Non-Eco-Friendly,2,0.62,1
424,1,6,7,6,10,6,2,2,Ads,Non-Eco-Friendly,3,0.5,1
425,2,4,2,2,9,18,4,2,Social Media,Eco-Friendly,4,0.4,0
426,1,10,4,6,10,11,2,1,Social Media,Non-Eco-Friendly,3,0.53,1
427,5,6,5,7,10,0,3,4,Social Media,Eco-Friendly,2,0.55,1
428,7,7,3,10,7,12,0,5,Social Media,Non-Eco-Friendly,2,0.62,1
429,8,9,9,3,5,8,4,2,Organic Search,Eco-Friendly,3,0.68,1
430,10,10,5,8,7,10,4,2,Ads,Non-Eco-Friendly,1,0.74,1
431,1,7,2,2,3,8,3,0,Email,Non-Eco-Friendly,2,0.31,0
432,7,6,3,8,2,14,0,3,Social Media,Non-Eco-Friendly,5,0.52,1
433,5,1,9,5,5,16,0,2,Social Media,Non-Eco-Friendly,4,0.5,0
434,10,2,7,2,4,11,3,5,Social Media,Non-Eco-Friendly,4,0.56,1
435,1,1,2,7,5,8,2,6,Email,Non-Eco-Friendly,2,0.31,0
436,3,9,9,2,8,10,3,3,Ads,Non-Eco-Friendly,5,0.61,1
437,7,10,4,6,4,10,2,3,Ads,Non-Eco-Friendly,3,0.61,1
438,10,10,9,10,9,6,6,3,Social Media,Eco-Friendly,4,0.86,1
439,1,9,2,3,7,13,4,2,Social Media,Non-Eco-Friendly,5,0.44,0
440,7,7,10,9,10,12,3,3,Ads,Non-Eco-Friendly,5,0.78,1
441,5,2,4,3,7,18,4,2,Email,Non-Eco-Friendly,1,0.45,0
442,1,6,5,3,8,16,6,0,Social Media,Non-Eco-Friendly,2,0.46,0
443,1,4,2,5,6,7,3,2,Email,Non-Eco-Friendly,5,0.32,0
444,1,1,10,7,8,14,0,2,Email,Eco-Friendly,3,0.48,0
445,9,1,1,8,3,5,0,2,Ads,Eco-Friendly,4,0.38,0
446,3,5,7,7,10,13,7,2,Social Media,Non-Eco-Friendly,1,0.59,1
447,5,2,10,9,10,7,5,1,Organic Search,Non-Eco-Friendly,3,0.6,1
448,10,4,1,5,1,5,2,2,Ads,Non-Eco-Friendly,4,0.41,0
449,9,1,8,10,6,11,6,5,Ads,Non-Eco-Friendly,2,0.66,1
450,6,4,3,3,1,0,6,1,Organic Search,Eco-Friendly,3,0.34,0
451,9,6,10,6,9,1,2,0,Social Media,Non-Eco-Friendly,4,0.67,1
452,8,10,6,5,2,9,4,2,Email,Eco-Friendly,1,0.64,1
453,8,4,7,4,2,10,2,0,Email,Non-Eco-Friendly,4,0.5,1
454,1,1,10,2,7,8,1,3,Email,Eco-Friendly,5,0.41,0
455,9,7,1,7,2,2,5,2,Social Media,Eco-Friendly,1,0.49,0
456,6,2,6,5,10,6,7,3,Ads,Eco-Friendly,3,0.52,1
457,9,9,7,4,8,12,0,4,Ads,Non-Eco-Friendly,2,0.72,1
458,3,3,6,8,6,13,2,1,Ads,Non-Eco-Friendly,1,0.46,0
459,3,8,4,9,7,10,0,1,Ads,Non-Eco-Friendly,1,0.52,1
460,6,8,1,9,7,16,4,1,Ads,Non-Eco-Friendly,1,0.57,1
461,9,3,9,3,6,12,5,2,Organic Search,Non-Eco-Friendly,4,0.61,1
462,7,4,4,3,10,6,2,1,Email,Eco-Friendly,5,0.48,0
463,3,2,7,5,9,9,1,3,Email,Eco-Friendly,2,0.46,0
464,3,4,7,5,9,3,3,4,Social Media,Eco-Friendly,2,0.49,0
465,2,9,2,10,7,9,2,2,Organic Search,Non-Eco-Friendly,5,0.51,1
466,9,2,1,2,9,16,3,3,Ads,Eco-Friendly,4,0.47,0
467,3,3,8,1,10,13,3,1,Ads,Non-Eco-Friendly,4,0.48,0
468,5,4,8,8,3,17,5,1,Ads,Eco-Friendly,5,0.57,1
469,9,5,7,3,3,8,4,4,Organic Search,Non-Eco-Friendly,5,0.58,1
470,8,1,8,1,1,17,2,3,Social Media,Eco-Friendly,3,0.48,0
471,2,7,3,1,5,9,7,1,Organic Search,Non-Eco-Friendly,4,0.39,0
472,3,10,2,2,4,17,3,3,Social Media,Eco-Friendly,1,0.49,0
473,2,7,7,6,2,10,3,2,Email,Eco-Friendly,2,0.48,0
474,8,9,8,6,9,14,0,2,Social Media,Eco-Friendly,4,0.74,1
475,6,4,1,3,3,17,6,4,Email,Non-Eco-Friendly,5,0.44,0
476,6,6,10,4,8,9,3,2,Social Media,Eco-Friendly,1,0.64,1
477,9,2,9,2,6,11,0,2,Email,Eco-Friendly,3,0.56,1
478,8,4,4,2,5,16,6,4,Email,Eco-Friendly,3,0.54,1
479,4,2,4,7,1,9,3,4,Ads,Non-Eco-Friendly,1,0.38,0
480,4,10,3,1,4,3,6,2,Social Media,Eco-Friendly,1,0.46,0
481,9,5,6,7,3,21,1,1,Ads,Non-Eco-Friendly,5,0.62,1
482,1,7,1,1,1,8,5,1,Email,Eco-Friendly,5,0.27,0
483,2,1,6,6,5,11,4,2,Ads,Eco-Friendly,2,0.38,0
484,2,10,2,3,6,16,4,2,Organic Search,Non-Eco-Friendly,2,0.49,0
485,6,10,9,8,2,7,4,2,Ads,Non-Eco-Friendly,3,0.67,1
486,4,7,2,6,3,5,1,2,Social Media,Eco-Friendly,1,0.4,0
487,10,10,7,2,6,11,1,2,Ads,Non-Eco-Friendly,3,0.7,1
488,3,6,1,8,4,1,9,2,Organic Search,Non-Eco-Friendly,5,0.39,0
489,3,6,7,5,9,9,6,2,Ads,Non-Eco-Friendly,4,0.55,1
490,3,8,5,8,5,11,4,2,Email,Eco-Friendly,5,0.55,1
491,6,8,8,8,4,9,2,6,Email,Eco-Friendly,4,0.67,1
492,8,6,4,6,2,2,3,2,Email,Eco-Friendly,1,0.49,0
493,7,3,10,2,6,18,4,1,Social Media,Non-Eco-Friendly,1,0.6,1
494,4,5,7,8,10,11,4,3,Ads,Non-Eco-Friendly,1,0.6,1
495,4,2,6,6,2,17,2,1,Email,Non-Eco-Friendly,2,0.43,0
496,10,5,5,6,7,9,1,5,Ads,Non-Eco-Friendly,2,0.63,1
497,2,9,4,8,3,6,4,2,Organic Search,Eco-Friendly,4,0.48,0
498,1,10,7,1,9,11,1,1,Organic Search,Non-Eco-Friendly,3,0.53,1
499,9,1,5,2,5,9,4,2,Social Media,Eco-Friendly,3,0.45,0
500,2,10,5,9,8,4,5,1,Ads,Non-Eco-Friendly,4,0.57,1
501,8,5,1,8,6,17,2,0,Organic Search,Eco-Friendly,2,0.52,1
502,9,6,2,7,10,7,4,5,Social Media,Eco-Friendly,5,0.61,1
503,4,7,5,7,8,1,2,3,Social Media,Non-Eco-Friendly,4,0.51,1
504,8,9,3,5,3,17,3,1,Email,Non-Eco-Friendly,3,0.59,1
505,9,6,2,2,3,7,4,4,Organic Search,Non-Eco-Friendly,4,0.49,0
506,10,5,4,6,5,7,4,0,Ads,Eco-Friendly,4,0.54,1
507,10,7,4,10,10,1,3,2,Organic Search,Non-Eco-Friendly,1,0.66,1
508,5,1,4,3,3,19,5,0,Organic Search,Eco-Friendly,2,0.38,0
509,7,5,4,4,8,4,3,4,Ads,Non-Eco-Friendly,1,0.51,1
510,10,2,3,10,10,10,2,4,Ads,Eco-Friendly,2,0.6,1
511,4,4,7,2,8,15,1,2,Email,Non-Eco-Friendly,4,0.5,0
512,1,7,9,2,2,12,4,2,Social Media,Eco-Friendly,2,0.48,0
513,3,5,5,8,4,10,2,3,Ads,Eco-Friendly,3,0.47,0
514,5,6,4,8,10,1,4,1,Ads,Eco-Friendly,1,0.52,1
515,3,2,2,10,1,6,5,4,Organic Search,Non-Eco-Friendly,4,0.34,0
516,7,3,2,6,4,11,0,0,Ads,Eco-Friendly,3,0.39,0
517,9,7,5,5,4,6,2,2,Ads,Non-Eco-Friendly,2,0.57,1
518,6,2,7,8,10,11,2,0,Organic Search,Eco-Friendly,2,0.55,1
519,10,6,10,4,9,13,2,0,Organic Search,Non-Eco-Friendly,3,0.73,1
520,1,5,10,4,3,15,1,6,Organic Search,Non-Eco-Friendly,2,0.53,1
521,7,10,9,5,2,4,2,2,Email,Eco-Friendly,1,0.64,1
522,3,1,7,1,9,21,2,1,Social Media,Eco-Friendly,5,0.44,0
523,5,10,5,1,9,14,7,2,Ads,Non-Eco-Friendly,2,0.62,1
524,10,4,10,2,1,10,2,4,Organic Search,Eco-Friendly,4,0.61,1
525,4,2,10,8,6,15,3,1,Organic Search,Non-Eco-Friendly,2,0.56,1
526,10,4,10,7,10,22,1,5,Social Media,Non-Eco-Friendly,4,0.81,1
527,5,1,6,10,8,3,4,1,Email,Non-Eco-Friendly,2,0.46,0
528,5,2,3,9,3,9,2,0,Ads,Non-Eco-Friendly,2,0.37,0
529,6,8,5,5,9,0,3,1,Email,Non-Eco-Friendly,4,0.55,1
530,10,6,8,2,2,11,5,1,Email,Non-Eco-Friendly,1,0.61,1
531,10,2,1,7,6,12,3,0,Email,Non-Eco-Friendly,5,0.46,0
532,6,6,1,8,1,10,3,4,Organic Search,Non-Eco-Friendly,5,0.45,0
533,8,10,7,7,7,7,3,1,Social Media,Non-Eco-Friendly,1,0.7,1
534,8,9,5,7,3,0,4,2,Social Media,Eco-Friendly,2,0.58,1
535,9,7,5,5,7,12,6,4,Social Media,Non-Eco-Friendly,5,0.67,1
536,8,9,1,2,4,17,5,2,Email,Non-Eco-Friendly,1,0.55,1
537,2,5,9,6,9,7,1,4,Ads,Non-Eco-Friendly,1,0.55,1
538,10,7,1,4,5,12,4,2,Email,Eco-Friendly,5,0.55,1
539,1,7,5,10,3,2,1,4,Social Media,Eco-Friendly,4,0.45,0
540,10,3,10,2,8,12,3,4,Organic Search,Eco-Friendly,3,0.68,1
541,2,7,9,9,6,8,4,3,Email,Eco-Friendly,4,0.6,1
542,2,1,4,7,2,6,4,3,Organic Search,Eco-Friendly,2,0.31,0
543,3,9,8,6,3,6,5,1,Social Media,Eco-Friendly,4,0.56,1
544,10,10,6,5,8,8,3,1,Email,Non-Eco-Friendly,3,0.72,1
545,7,6,3,3,10,12,1,3,Organic Search,Eco-Friendly,3,0.54,1
546,2,5,4,10,7,3,1,2,Email,Eco-Friendly,1,0.43,0
547,1,7,2,10,10,8,4,3,Social Media,Eco-Friendly,2,0.49,0
548,6,5,1,4,6,10,5,1,Ads,Eco-Friendly,1,0.42,0
549,9,10,8,3,1,4,2,2,Social Media,Eco-Friendly,4,0.63,1
550,3,5,1,8,9,19,4,2,Ads,Non-Eco-Friendly,4,0.48,0
551,6,10,1,3,3,6,6,2,Ads,Non-Eco-Friendly,5,0.48,0
552,3,7,4,7,5,7,3,1,Social Media,Eco-Friendly,1,0.46,0
553,1,10,10,7,7,5,3,2,Organic Search,Non-Eco-Friendly,1,0.62,1
554,5,7,10,7,7,19,3,2,Email,Eco-Friendly,1,0.71,1
555,10,3,6,7,3,13,2,1,Email,Non-Eco-Friendly,1,0.56,1
556,4,3,9,2,4,5,4,2,Email,Non-Eco-Friendly,3,0.45,0
557,7,10,1,10,10,16,2,4,Ads,Eco-Friendly,5,0.69,1
558,6,3,7,3,7,11,1,3,Ads,Eco-Friendly,2,0.51,1
559,10,6,10,10,8,11,2,0,Social Media,Eco-Friendly,2,0.77,1
560,7,6,5,9,2,8,2,4,Organic Search,Non-Eco-Friendly,2,0.56,1
561,5,3,8,3,9,6,4,2,Social Media,Non-Eco-Friendly,3,0.51,1
562,4,3,7,2,7,12,4,2,Social Media,Eco-Friendly,5,0.47,0
563,7,8,4,9,8,7,3,2,Organic Search,Eco-Friendly,5,0.62,1
564,7,8,4,10,6,19,4,3,Ads,Non-Eco-Friendly,3,0.69,1
565,6,7,6,9,6,4,4,0,Social Media,Eco-Friendly,1,0.57,1
566,8,10,6,4,9,18,1,1,Social Media,Non-Eco-Friendly,4,0.71,1
567,4,4,9,9,4,9,5,1,Ads,Non-Eco-Friendly,1,0.55,1
568,10,4,5,3,5,12,4,1,Email,Eco-Friendly,2,0.55,1
569,5,3,8,7,9,14,1,2,Organic Search,Non-Eco-Friendly,1,0.58,1
570,4,5,5,7,1,7,5,1,Organic Search,Non-Eco-Friendly,3,0.43,0
571,1,3,2,8,4,14,4,1,Email,Non-Eco-Friendly,2,0.34,0
572,8,8,6,10,7,0,1,1,Organic Search,Non-Eco-Friendly,4,0.62,1
573,1,7,9,4,9,6,2,3,Email,Eco-Friendly,2,0.54,1
574,5,3,3,3,10,5,4,0,Social Media,Non-Eco-Friendly,1,0.4,0
575,6,9,1,3,6,4,2,1,Organic Search,Eco-Friendly,5,0.45,0
576,6,5,1,5,8,9,6,1,Organic Search,Non-Eco-Friendly,5,0.45,0
577,5,9,3,1,9,12,4,3,Social Media,Eco-Friendly,5,0.55,1
578,3,7,10,10,10,14,6,4,Ads,Non-Eco-Friendly,2,0.74,1
579,5,7,5,3,4,11,4,1,Ads,Non-Eco-Friendly,5,0.5,0
580,8,6,3,6,1,7,4,2,Social Media,Eco-Friendly,3,0.48,0
581,2,2,9,3,8,12,2,4,Organic Search,Non-Eco-Friendly,4,0.48,0
582,6,9,8,5,2,11,1,2,Organic Search,Eco-Friendly,5,0.61,1
583,9,6,3,9,1,15,3,0,Organic Search,Non-Eco-Friendly,3,0.55,1
584,8,8,9,2,7,14,2,0,Email,Eco-Friendly,3,0.67,1
585,8,1,6,2,10,10,4,2,Ads,Eco-Friendly,2,0.51,1
586,8,5,7,6,9,6,5,4,Organic Search,Non-Eco-Friendly,2,0.64,1
587,7,1,4,6,9,7,0,0,Ads,Non-Eco-Friendly,4,0.42,0
588,8,10,4,8,3,7,5,0,Ads,Non-Eco-Friendly,4,0.61,1
589,6,8,2,2,6,8,3,0,Organic Search,Non-Eco-Friendly,1,0.46,0
590,2,8,5,9,7,11,3,2,Social Media,Non-Eco-Friendly,4,0.55,1
591,2,1,8,2,10,14,5,1,Social Media,Non-Eco-Friendly,2,0.44,0
592,8,9,7,1,9,10,0,3,Ads,Non-Eco-Friendly,3,0.66,1
593,1,2,7,10,2,10,3,1,Email,Non-Eco-Friendly,1,0.4,0
594,6,9,6,2,8,11,1,3,Ads,Non-Eco-Friendly,4,0.61,1
595,6,1,3,7,7,7,2,2,Ads,Eco-Friendly,3,0.41,0
596,4,10,5,8,4,5,3,1,Social Media,Eco-Friendly,2,0.55,1
597,10,9,1,5,2,1,1,2,Organic Search,Eco-Friendly,5,0.5,1
598,3,4,7,6,8,7,1,2,Organic Search,Non-Eco-Friendly,1,0.48,0
599,3,9,9,1,5,12,4,1,Email,Eco-Friendly,3,0.57,1
600,1,7,1,6,6,6,5,3,Social Media,Non-Eco-Friendly,2,0.39,0
601,3,6,2,8,7,9,5,1,Social Media,Non-Eco-Friendly,2,0.45,0
602,4,5,3,3,10,12,2,1,Ads,Non-Eco-Friendly,1,0.45,0
603,5,9,3,1,1,13,2,1,Social Media,Non-Eco-Friendly,1,0.44,0
604,3,2,8,4,8,5,3,0,Ads,Eco-Friendly,4,0.42,0
605,6,2,7,1,4,15,5,2,Email,Eco-Friendly,4,0.47,0
606,5,9,6,8,9,16,6,2,Social Media,Eco-Friendly,1,0.7,1
607,3,3,10,5,1,4,3,1,Social Media,Non-Eco-Friendly,1,0.43,0
608,6,8,10,1,2,6,1,2,Ads,Non-Eco-Friendly,3,0.56,1
609,6,9,4,8,6,16,2,0,Social Media,Eco-Friendly,4,0.61,1
610,8,8,9,9,10,9,2,3,Organic Search,Non-Eco-Friendly,2,0.78,1
611,2,4,1,10,1,0,2,2,Email,Eco-Friendly,4,0.28,0
612,1,1,2,2,4,3,2,1,Organic Search,Eco-Friendly,4,0.18,0
613,4,4,4,9,8,9,2,3,Ads,Eco-Friendly,1,0.49,0
614,7,9,3,8,10,4,3,1,Ads,Non-Eco-Friendly,1,0.61,1
615,10,2,1,7,5,8,4,2,Ads,Eco-Friendly,4,0.46,0
616,3,3,5,3,9,10,3,2,Email,Non-Eco-Friendly,5,0.43,0
617,3,10,7,2,6,17,2,0,Social Media,Eco-Friendly,5,0.58,1
618,5,8,2,7,1,9,2,6,Organic Search,Non-Eco-Friendly,4,0.49,0
619,5,6,5,5,6,15,5,2,Social Media,Non-Eco-Friendly,5,0.55,1
620,10,8,6,6,6,17,3,0,Ads,Eco-Friendly,4,0.7,1
621,3,7,7,4,6,17,2,3,Social Media,Non-Eco-Friendly,1,0.57,1
622,9,5,1,2,8,11,1,1,Email,Non-Eco-Friendly,1,0.47,0
623,4,9,7,9,6,0,5,1,Ads,Non-Eco-Friendly,1,0.59,1
624,3,4,4,3,5,12,2,2,Social Media,Eco-Friendly,2,0.39,0
625,2,6,8,7,2,15,2,2,Organic Search,Non-Eco-Friendly,1,0.52,1
626,10,2,4,8,4,10,5,1,Ads,Eco-Friendly,1,0.52,1
627,9,2,6,2,10,19,2,3,Ads,Eco-Friendly,4,0.59,1
628,4,2,9,6,5,14,3,0,Email,Non-Eco-Friendly,5,0.5,0
629,3,10,5,8,10,13,0,4,Email,Eco-Friendly,5,0.64,1
630,7,7,4,7,4,15,0,0,Organic Search,Eco-Friendly,1,0.55,1
631,8,2,8,3,2,12,1,4,Social Media,Eco-Friendly,1,0.51,1
632,2,2,9,1,7,0,4,0,Social Media,Eco-Friendly,1,0.36,0
633,7,9,4,6,10,8,6,0,Ads,Eco-Friendly,4,0.63,1
634,5,7,3,8,10,16,3,1,Ads,Non-Eco-Friendly,4,0.58,1
635,5,3,8,6,2,6,1,2,Social Media,Non-Eco-Friendly,4,0.45,0
636,3,3,5,5,1,9,0,2,Social Media,Eco-Friendly,5,0.34,0
637,5,7,2,8,5,5,0,3,Social Media,Eco-Friendly,2,0.46,0
638,2,5,10,2,1,19,0,3,Ads,Non-Eco-Friendly,5,0.49,0
639,4,10,9,1,1,18,1,3,Email,Non-Eco-Friendly,4,0.61,1
640,6,6,3,1,1,6,3,0,Email,Non-Eco-Friendly,3,0.36,0
641,1,8,2,4,6,11,5,1,Organic Search,Eco-Friendly,2,0.41,0
642,10,9,1,6,9,7,7,1,Social Media,Eco-Friendly,1,0.63,1
643,4,1,8,9,10,13,0,1,Social Media,Non-Eco-Friendly,5,0.53,1
644,6,3,3,1,1,13,4,1,Social Media,Eco-Friendly,2,0.35,0
645,9,7,7,1,5,14,2,1,Organic Search,Non-Eco-Friendly,3,0.61,1
646,2,6,1,5,9,12,2,3,Social Media,Non-Eco-Friendly,2,0.42,0
647,7,7,1,10,9,25,4,2,Email,Eco-Friendly,5,0.65,1
648,6,8,9,5,1,5,0,5,Social Media,Non-Eco-Friendly,4,0.59,1
649,2,6,8,5,8,1,3,1,Organic Search,Non-Eco-Friendly,1,0.48,0
650,8,3,3,10,1,8,1,2,Ads,Non-Eco-Friendly,4,0.46,0
651,7,2,6,6,8,2,3,1,Ads,Non-Eco-Friendly,4,0.48,0
652,5,7,3,8,1,3,6,0,Email,Non-Eco-Friendly,5,0.43,0
653,5,1,4,3,5,5,3,2,Email,Eco-Friendly,4,0.34,0
654,7,3,1,9,8,5,5,1,Email,Non-Eco-Friendly,4,0.45,0
655,9,4,5,1,6,5,2,1,Ads,Eco-Friendly,5,0.48,0
656,9,1,1,4,9,13,1,2,Social Media,Eco-Friendly,5,0.44,0
657,9,5,1,9,1,7,4,2,Organic Search,Non-Eco-Friendly,3,0.48,0
658,6,10,10,8,9,9,7,2,Organic Search,Non-Eco-Friendly,4,0.79,1
659,10,3,7,10,1,14,2,4,Social Media,Non-Eco-Friendly,2,0.63,1
660,6,2,6,9,10,6,4,1,Ads,Eco-Friendly,1,0.53,1
661,3,3,2,1,10,9,4,1,Ads,Eco-Friendly,1,0.34,0
662,1,8,2,9,3,12,0,3,Organic Search,Eco-Friendly,5,0.43,0
663,7,6,7,3,1,0,5,3,Email,Non-Eco-Friendly,5,0.5,0
664,4,7,1,10,3,0,7,2,Email,Non-Eco-Friendly,3,0.42,0
665,1,6,2,9,2,12,1,2,Organic Search,Non-Eco-Friendly,4,0.37,0
666,8,6,8,1,2,12,2,1,Organic Search,Non-Eco-Friendly,5,0.55,1
667,6,3,6,1,9,20,3,4,Social Media,Non-Eco-Friendly,5,0.56,1
668,6,8,2,9,8,11,1,2,Social Media,Eco-Friendly,1,0.57,1
669,2,7,7,6,1,14,2,5,Social Media,Eco-Friendly,4,0.52,1
670,1,7,4,4,4,9,2,3,Social Media,Eco-Friendly,3,0.41,0
671,2,6,2,7,1,11,1,3,Social Media,Non-Eco-Friendly,5,0.37,0
672,4,5,6,5,1,18,7,1,Social Media,Non-Eco-Friendly,5,0.5,0
673,2,10,9,10,4,0,0,4,Email,Eco-Friendly,5,0.6,1
674,1,8,9,7,2,12,8,0,Organic Search,Non-Eco-Friendly,1,0.55,1
675,7,5,8,8,3,21,3,1,Ads,Eco-Friendly,5,0.64,1
676,8,9,3,8,9,11,3,2,Social Media,Non-Eco-Friendly,5,0.66,1
677,6,9,3,1,2,18,0,0,Email,Non-Eco-Friendly,1,0.48,0
678,4,1,2,8,4,7,3,2,Organic Search,Non-Eco-Friendly,5,0.33,0
679,6,6,5,6,1,10,1,1,Organic Search,Non-Eco-Friendly,4,0.47,0
680,3,7,4,4,2,10,3,2,Organic Search,Eco-Friendly,4,0.43,0
681,8,3,7,8,5,0,1,6,Social Media,Non-Eco-Friendly,1,0.56,1
682,10,7,4,3,10,4,1,3,Social Media,Eco-Friendly,4,0.61,1
683,2,7,9,4,1,5,5,3,Ads,Eco-Friendly,3,0.49,0
684,5,2,2,6,7,14,4,2,Social Media,Eco-Friendly,5,0.42,0
685,1,7,6,7,4,14,9,3,Organic Search,Eco-Friendly,3,0.54,1
686,6,1,7,4,6,12,2,2,Organic Search,Eco-Friendly,4,0.47,0
687,2,5,4,4,8,14,2,1,Email,Non-Eco-Friendly,1,0.43,0
688,4,9,6,7,6,9,2,4,Email,Eco-Friendly,1,0.61,1
689,6,7,7,6,2,16,2,4,Ads,Eco-Friendly,3,0.61,1
690,10,7,4,8,1,10,4,5,Email,Eco-Friendly,4,0.63,1
691,8,2,8,1,8,10,1,0,Ads,Eco-Friendly,5,0.51,1
692,8,8,9,10,8,9,2,1,Email,Eco-Friendly,4,0.74,1
693,6,3,1,7,9,13,2,0,Organic Search,Non-Eco-Friendly,4,0.44,0
694,4,8,7,7,6,8,3,1,Social Media,Eco-Friendly,1,0.57,1
695,8,3,9,7,1,15,1,1,Social Media,Non-Eco-Friendly,2,0.57,1
696,8,10,10,7,9,4,1,1,Ads,Eco-Friendly,5,0.76,1
697,10,7,5,10,3,5,5,0,Social Media,Non-Eco-Friendly,5,0.62,1
698,1,2,2,10,6,13,4,3,Social Media,Non-Eco-Friendly,1,0.38,0
699,4,4,10,8,10,10,7,2,Email,Non-Eco-Friendly,4,0.64,1
700,4,6,6,9,10,8,1,0,Organic Search,Non-Eco-Friendly,1,0.55,1
701,7,9,7,9,9,14,2,1,Social Media,Non-Eco-Friendly,4,0.73,1
702,7,5,2,2,3,7,5,2,Organic Search,Non-Eco-Friendly,2,0.41,0
703,8,9,2,7,5,9,4,7,Email,Non-Eco-Friendly,2,0.63,1
704,5,5,10,7,5,17,5,5,Email,Eco-Friendly,3,0.68,1
705,7,10,10,4,10,18,4,3,Social Media,Non-Eco-Friendly,4,0.82,1
706,8,8,1,9,7,18,3,0,Social Media,Eco-Friendly,1,0.6,1
707,9,1,4,8,4,9,4,1,Email,Eco-Friendly,1,0.47,0
708,3,7,7,1,4,16,6,2,Email,Eco-Friendly,1,0.52,1
709,3,4,9,2,7,5,4,1,Ads,Non-Eco-Friendly,3,0.47,0
710,4,5,3,2,9,5,6,1,Ads,Eco-Friendly,5,0.42,0
711,5,6,7,8,4,0,2,1,Organic Search,Non-Eco-Friendly,1,0.5,0
712,10,5,7,1,4,18,4,5,Email,Non-Eco-Friendly,2,0.65,1
713,1,1,7,4,6,6,0,2,Organic Search,Non-Eco-Friendly,1,0.33,0
714,7,9,2,10,6,9,3,1,Email,Eco-Friendly,1,0.59,1
715,9,2,6,5,7,5,1,3,Organic Search,Eco-Friendly,1,0.52,1
716,8,9,2,9,1,13,4,5,Ads,Non-Eco-Friendly,5,0.62,1
717,5,10,6,7,3,8,2,1,Email,Non-Eco-Friendly,1,0.58,1
718,4,2,10,8,9,3,3,3,Email,Non-Eco-Friendly,5,0.55,1
719,7,9,3,9,6,12,4,1,Organic Search,Non-Eco-Friendly,5,0.62,1
720,5,6,2,7,6,3,5,3,Organic Search,Eco-Friendly,3,0.46,0
721,7,9,6,5,5,6,2,5,Social Media,Eco-Friendly,2,0.63,1
722,1,6,2,5,3,0,4,2,Social Media,Eco-Friendly,1,0.3,0
723,1,6,5,10,5,3,5,1,Ads,Eco-Friendly,1,0.44,0
724,10,2,2,6,1,11,4,0,Email,Eco-Friendly,1,0.42,0
725,3,8,3,5,3,0,5,1,Email,Non-Eco-Friendly,5,0.4,0
726,2,3,3,9,4,3,1,3,Organic Search,Non-Eco-Friendly,4,0.34,0
727,2,7,6,3,5,10,3,4,Ads,Eco-Friendly,2,0.48,0
728,7,5,6,3,10,7,5,1,Email,Non-Eco-Friendly,1,0.56,1
729,10,3,10,7,9,20,1,5,Ads,Eco-Friendly,4,0.77,1
730,2,1,3,7,4,19,0,2,Social Media,Non-Eco-Friendly,4,0.35,0
731,4,8,3,6,3,6,1,3,Organic Search,Non-Eco-Friendly,4,0.45,0
732,2,3,1,3,10,13,2,1,Email,Non-Eco-Friendly,2,0.33,0
733,6,2,7,7,1,14,3,3,Organic Search,Eco-Friendly,4,0.49,0
734,8,1,8,5,10,7,1,1,Social Media,Eco-Friendly,1,0.54,1
735,10,4,2,7,6,3,2,5,Ads,Eco-Friendly,1,0.52,1
736,4,8,4,2,7,10,2,4,Ads,Non-Eco-Friendly,3,0.51,1
737,5,3,10,6,10,9,5,2,Social Media,Non-Eco-Friendly,5,0.61,1
738,4,1,7,8,8,8,1,3,Social Media,Non-Eco-Friendly,4,0.47,0
739,3,4,8,1,1,12,3,1,Email,Non-Eco-Friendly,5,0.41,0
740,5,9,1,4,4,6,2,2,Email,Non-Eco-Friendly,5,0.44,0
741,9,1,4,1,5,4,4,1,Email,Eco-Friendly,5,0.39,0
742,8,2,6,1,2,11,5,5,Email,Eco-Friendly,5,0.48,0
743,8,9,3,10,1,12,3,1,Email,Non-Eco-Friendly,5,0.59,1
744,8,2,5,8,8,4,3,2,Ads,Eco-Friendly,1,0.52,1
745,8,3,10,7,6,15,3,0,Email,Non-Eco-Friendly,2,0.64,1
746,7,7,9,10,5,1,2,1,Social Media,Non-Eco-Friendly,4,0.64,1
747,8,3,3,1,9,7,3,0,Social Media,Eco-Friendly,4,0.43,0
748,8,9,5,2,2,9,6,3,Email,Non-Eco-Friendly,1,0.58,1
749,8,6,8,4,10,7,2,0,Social Media,Eco-Friendly,1,0.62,1
750,10,3,6,1,8,7,1,4,Organic Search,Eco-Friendly,5,0.55,1
751,7,9,4,3,10,19,3,1,Ads,Eco-Friendly,2,0.65,1
752,1,1,8,8,9,6,1,2,Ads,Non-Eco-Friendly,4,0.42,0
753,4,10,3,8,1,22,4,2,Email,Eco-Friendly,3,0.58,1
754,4,3,3,8,7,12,5,2,Organic Search,Non-Eco-Friendly,1,0.46,0
755,5,1,4,6,8,10,2,1,Email,Non-Eco-Friendly,3,0.41,0
756,10,2,9,6,3,12,3,2,Email,Non-Eco-Friendly,4,0.61,1
757,6,8,5,5,4,23,0,0,Social Media,Non-Eco-Friendly,1,0.58,1
758,4,7,8,9,3,5,1,5,Ads,Non-Eco-Friendly,4,0.58,1
759,2,2,6,4,7,4,7,4,Organic Search,Non-Eco-Friendly,1,0.41,0
760,6,2,3,10,9,6,6,4,Social Media,Non-Eco-Friendly,4,0.51,1
761,8,9,8,7,3,10,2,1,Ads,Non-Eco-Friendly,3,0.67,1
762,8,6,9,1,6,1,2,1,Ads,Eco-Friendly,2,0.56,1
763,7,5,8,9,8,10,3,3,Email,Eco-Friendly,1,0.67,1
764,6,10,4,7,6,18,4,1,Organic Search,Non-Eco-Friendly,3,0.65,1
765,2,6,6,10,2,11,3,3,Email,Non-Eco-Friendly,4,0.5,0
766,7,9,1,9,7,9,4,0,Social Media,Eco-Friendly,3,0.56,1
767,5,7,4,7,2,7,1,1,Email,Eco-Friendly,1,0.46,0
768,6,10,8,2,2,14,4,3,Email,Eco-Friendly,3,0.64,1
769,10,10,1,6,2,6,3,2,Ads,Eco-Friendly,4,0.56,1
770,8,9,3,10,1,19,4,3,Ads,Eco-Friendly,5,0.66,1
771,8,4,1,4,1,20,4,2,Social Media,Eco-Friendly,2,0.45,0
772,3,2,9,3,7,11,4,1,Ads,Non-Eco-Friendly,2,0.47,0
773,7,8,2,2,5,10,3,2,Ads,Eco-Friendly,5,0.49,0
774,1,4,9,6,3,15,0,1,Ads,Eco-Friendly,1,0.46,0
775,1,9,4,8,1,15,4,1,Email,Eco-Friendly,3,0.48,0
776,7,4,2,6,10,6,3,3,Organic Search,Eco-Friendly,3,0.49,0
777,10,8,4,9,6,7,6,6,Social Media,Non-Eco-Friendly,5,0.72,1
778,9,9,10,5,1,3,1,1,Email,Non-Eco-Friendly,5,0.65,1
779,7,9,6,2,9,12,3,2,Social Media,Non-Eco-Friendly,4,0.65,1
780,10,10,7,8,2,13,3,5,Email,Non-Eco-Friendly,4,0.77,1
781,5,4,3,9,1,3,3,2,Social Media,Non-Eco-Friendly,2,0.39,0
782,8,1,3,10,7,8,3,0,Ads,Non-Eco-Friendly,1,0.46,0
783,2,3,10,4,6,3,2,4,Social Media,Non-Eco-Friendly,1,0.47,0
784,9,9,8,6,6,6,3,1,Organic Search,Non-Eco-Friendly,5,0.69,1
785,6,4,5,10,5,13,3,1,Social Media,Eco-Friendly,2,0.54,1
786,9,5,4,8,4,6,3,0,Organic Search,Eco-Friendly,2,0.53,1
787,2,7,7,9,4,8,2,1,Social Media,Non-Eco-Friendly,4,0.51,1
788,3,5,7,5,3,2,2,3,Ads,Non-Eco-Friendly,3,0.43,0
789,8,4,9,6,10,11,2,3,Social Media,Non-Eco-Friendly,1,0.67,1
790,1,2,9,4,8,10,5,2,Email,Eco-Friendly,2,0.45,0
791,10,2,5,5,7,6,2,0,Ads,Non-Eco-Friendly,4,0.5,1
792,7,4,8,7,9,9,6,2,Ads,Non-Eco-Friendly,4,0.64,1
793,7,10,10,9,1,11,4,1,Email,Non-Eco-Friendly,4,0.72,1
794,1,10,1,10,7,6,3,3,Ads,Non-Eco-Friendly,3,0.48,0
795,9,9,9,6,10,3,3,0,Ads,Eco-Friendly,2,0.73,1
796,8,8,8,6,4,19,0,1,Email,Non-Eco-Friendly,5,0.69,1
797,4,3,6,8,7,7,5,3,Ads,Eco-Friendly,5,0.5,0
798,10,9,3,4,1,10,2,4,Ads,Eco-Friendly,4,0.59,1
799,5,5,3,3,5,15,3,0,Ads,Non-Eco-Friendly,4,0.43,0
800,2,3,8,7,3,28,3,2,Ads,Eco-Friendly,3,0.53,1
801,9,5,5,5,5,4,4,1,Social Media,Non-Eco-Friendly,4,0.53,1
802,6,10,10,2,4,12,2,1,Ads,Eco-Friendly,2,0.66,1
803,3,4,7,2,2,6,5,2,Ads,Non-Eco-Friendly,4,0.4,0
804,7,8,5,6,4,7,1,1,Ads,Eco-Friendly,4,0.55,1
805,9,5,8,8,3,6,4,4,Social Media,Eco-Friendly,2,0.64,1
806,3,10,10,1,1,4,0,3,Organic Search,Non-Eco-Friendly,1,0.53,1
807,2,8,10,6,10,10,6,3,Ads,Eco-Friendly,5,0.67,1
808,7,9,4,2,8,3,2,3,Organic Search,Non-Eco-Friendly,4,0.55,1
809,7,4,2,2,5,15,2,4,Organic Search,Non-Eco-Friendly,2,0.45,0
810,4,7,3,7,4,10,1,1,Email,Eco-Friendly,5,0.46,0
811,9,2,8,10,10,12,4,3,Email,Non-Eco-Friendly,3,0.69,1
812,8,6,7,1,5,8,1,3,Organic Search,Non-Eco-Friendly,1,0.55,1
813,1,8,2,6,4,8,4,3,Social Media,Non-Eco-Friendly,4,0.41,0
814,1,7,6,7,3,11,3,4,Ads,Non-Eco-Friendly,1,0.49,0
815,5,7,9,8,5,4,2,1,Ads,Eco-Friendly,4,0.59,1
816,6,8,4,7,4,8,3,1,Ads,Eco-Friendly,4,0.54,1
817,3,7,9,6,1,6,3,0,Email,Eco-Friendly,4,0.49,0
818,9,5,2,9,3,6,3,6,Email,Non-Eco-Friendly,1,0.54,1
819,10,7,2,3,10,0,1,0,Ads,Eco-Friendly,3,0.52,1
820,6,10,9,6,10,17,2,1,Organic Search,Eco-Friendly,2,0.76,1
821,4,3,7,4,8,7,4,3,Email,Eco-Friendly,2,0.48,0
822,7,5,7,2,7,16,2,1,Ads,Non-Eco-Friendly,3,0.57,1
823,8,7,1,1,2,15,5,2,Organic Search,Eco-Friendly,3,0.47,0
824,9,9,6,1,1,4,4,1,Ads,Non-Eco-Friendly,4,0.55,1
825,6,2,7,10,3,5,4,1,Email,Eco-Friendly,4,0.48,0
826,6,4,6,3,5,23,3,2,Social Media,Eco-Friendly,2,0.55,1
827,8,7,6,4,10,19,1,2,Social Media,Non-Eco-Friendly,4,0.68,1
828,5,1,2,2,1,10,0,2,Email,Eco-Friendly,4,0.26,0
829,3,2,6,1,3,11,2,2,Organic Search,Non-Eco-Friendly,3,0.35,0
830,3,9,4,4,3,7,1,2,Ads,Non-Eco-Friendly,1,0.45,0
831,6,10,9,7,5,12,1,2,Email,Eco-Friendly,5,0.71,1
832,2,7,1,10,3,6,4,4,Organic Search,Non-Eco-Friendly,5,0.42,0
833,6,10,8,6,9,0,1,1,Ads,Non-Eco-Friendly,4,0.64,1
834,6,7,5,6,1,3,3,1,Ads,Non-Eco-Friendly,4,0.47,0
835,8,6,1,9,4,10,5,2,Email,Non-Eco-Friendly,5,0.53,1
836,7,3,4,2,10,4,4,2,Ads,Eco-Friendly,3,0.46,0
837,8,10,1,4,10,10,5,3,Social Media,Non-Eco-Friendly,5,0.62,1
838,9,3,6,5,4,5,4,2,Social Media,Non-Eco-Friendly,5,0.51,1
839,6,2,2,1,1,6,4,1,Ads,Eco-Friendly,5,0.28,0
840,3,6,5,8,2,14,2,3,Email,Eco-Friendly,4,0.49,0
841,10,4,7,8,1,11,0,5,Ads,Eco-Friendly,4,0.62,1
842,3,5,2,6,6,10,2,2,Email,Non-Eco-Friendly,5,0.4,0
843,1,3,6,5,3,14,5,3,Email,Non-Eco-Friendly,4,0.41,0
844,5,6,6,8,7,12,6,1,Social Media,Non-Eco-Friendly,5,0.59,1
845,4,3,5,3,5,17,1,4,Social Media,Non-Eco-Friendly,3,0.45,0
846,9,8,5,3,9,8,0,3,Organic Search,Eco-Friendly,4,0.63,1
847,9,9,3,2,7,8,4,2,Email,Eco-Friendly,1,0.59,1
848,5,4,10,5,4,3,4,3,Ads,Non-Eco-Friendly,4,0.54,1
849,10,9,10,3,5,8,5,2,Email,Non-Eco-Friendly,3,0.74,1
850,4,7,2,3,5,15,3,1,Social Media,Non-Eco-Friendly,3,0.44,0
851,7,3,7,6,5,16,1,1,Email,Non-Eco-Friendly,4,0.55,1
852,6,7,1,8,10,15,5,3,Organic Search,Eco-Friendly,2,0.59,1
853,4,1,6,2,9,1,2,4,Ads,Eco-Friendly,5,0.39,0
854,10,3,6,4,10,15,4,5,Email,Eco-Friendly,5,0.67,1
855,2,6,3,7,3,1,1,3,Ads,Eco-Friendly,3,0.36,0
856,1,4,2,1,6,14,4,2,Ads,Non-Eco-Friendly,4,0.32,0
857,4,7,2,1,8,8,6,0,Social Media,Eco-Friendly,2,0.42,0
858,4,3,9,10,9,14,1,3,Email,Non-Eco-Friendly,1,0.61,1
859,1,1,5,7,7,3,3,3,Ads,Eco-Friendly,5,0.34,0
860,6,9,7,7,3,16,2,3,Social Media,Eco-Friendly,2,0.66,1
861,4,6,5,1,1,3,2,1,Organic Search,Non-Eco-Friendly,5,0.35,0
862,1,8,7,1,4,7,4,2,Organic Search,Eco-Friendly,4,0.44,0
863,1,3,4,4,6,5,5,3,Email,Eco-Friendly,5,0.34,0
864,1,8,8,5,3,1,1,1,Ads,Eco-Friendly,1,0.44,0
865,8,2,10,5,1,10,2,4,Email,Eco-Friendly,4,0.56,1
866,10,4,10,4,6,19,4,2,Ads,Non-Eco-Friendly,3,0.72,1
867,8,3,7,8,1,23,4,2,Social Media,Eco-Friendly,2,0.61,1
868,2,10,10,7,9,10,4,2,Organic Search,Eco-Friendly,5,0.69,1
869,7,1,5,9,1,16,6,1,Organic Search,Eco-Friendly,4,0.48,0
870,8,7,6,7,6,11,3,2,Organic Search,Non-Eco-Friendly,4,0.64,1
871,8,10,5,10,1,12,4,1,Organic Search,Non-Eco-Friendly,5,0.66,1
872,10,2,7,1,7,8,4,5,Email,Eco-Friendly,3,0.57,1
873,7,4,2,7,3,11,1,3,Ads,Eco-Friendly,5,0.45,0
874,5,9,5,1,6,13,2,1,Email,Eco-Friendly,3,0.53,1
875,1,6,10,7,7,7,1,2,Social Media,Non-Eco-Friendly,5,0.54,1
876,9,8,3,10,1,10,2,3,Organic Search,Eco-Friendly,4,0.6,1
877,7,2,9,8,1,10,1,3,Ads,Eco-Friendly,1,0.53,1
878,2,7,6,9,5,14,8,5,Email,Non-Eco-Friendly,1,0.6,1
879,6,6,10,3,6,5,2,1,Ads,Non-Eco-Friendly,4,0.57,1
880,2,9,3,4,9,10,2,0,Email,Non-Eco-Friendly,1,0.47,0
881,1,7,7,4,1,20,6,0,Ads,Eco-Friendly,3,0.48,0
882,7,1,4,9,4,16,2,4,Ads,Eco-Friendly,4,0.5,0
883,2,8,3,7,10,17,2,0,Organic Search,Eco-Friendly,3,0.52,1
884,2,10,8,3,8,10,0,1,Email,Non-Eco-Friendly,4,0.57,1
885,5,3,4,10,10,12,1,1,Social Media,Eco-Friendly,3,0.51,1
886,5,2,1,5,9,15,1,2,Ads,Eco-Friendly,3,0.4,0
887,7,3,6,7,3,18,4,1,Social Media,Non-Eco-Friendly,1,0.54,1
888,1,6,10,8,2,0,2,3,Organic Search,Non-Eco-Friendly,4,0.48,0
889,8,3,1,1,4,3,5,4,Social Media,Eco-Friendly,5,0.37,0
890,3,10,5,2,2,17,3,2,Ads,Non-Eco-Friendly,1,0.52,1
891,4,5,7,7,1,9,3,3,Ads,Eco-Friendly,3,0.49,0
892,9,6,6,2,3,7,5,2,Ads,Eco-Friendly,3,0.55,1
893,4,8,2,7,7,4,3,2,Email,Eco-Friendly,5,0.47,0
894,10,7,4,9,1,7,3,2,Social Media,Non-Eco-Friendly,5,0.59,1
895,5,8,2,2,2,3,5,2,Email,Eco-Friendly,3,0.4,0
896,7,3,1,7,1,20,4,4,Ads,Non-Eco-Friendly,5,0.46,0
897,4,4,3,4,8,10,1,1,Ads,Non-Eco-Friendly,2,0.4,0
898,1,6,3,2,5,10,4,1,Organic Search,Non-Eco-Friendly,1,0.35,0
899,9,7,7,7,8,13,3,1,Organic Search,Non-Eco-Friendly,4,0.7,1
900,4,9,1,5,3,15,1,5,Ads,Eco-Friendly,5,0.49,0
901,9,1,9,1,7,15,3,4,Email,Non-Eco-Friendly,5,0.59,1
902,6,8,6,5,8,15,2,1,Email,Eco-Friendly,2,0.63,1
903,1,8,4,3,6,7,3,2,Ads,Eco-Friendly,4,0.42,0
904,3,6,3,7,7,9,1,4,Social Media,Eco-Friendly,2,0.47,0
905,2,4,3,6,2,14,1,0,Email,Eco-Friendly,4,0.33,0
906,9,3,2,8,8,7,2,3,Ads,Non-Eco-Friendly,1,0.52,1
907,1,3,2,5,5,10,4,3,Organic Search,Non-Eco-Friendly,5,0.32,0
908,9,6,10,2,7,12,2,3,Ads,Eco-Friendly,1,0.69,1
909,9,8,5,9,1,14,2,4,Email,Eco-Friendly,4,0.66,1
910,8,7,9,8,5,1,4,2,Ads,Eco-Friendly,5,0.66,1
911,8,1,2,6,1,14,2,2,Social Media,Non-Eco-Friendly,2,0.39,0
912,1,6,2,10,8,9,3,1,Social Media,Non-Eco-Friendly,3,0.43,0
913,8,7,6,7,4,14,4,3,Email,Eco-Friendly,2,0.65,1
914,10,7,10,9,4,14,5,3,Ads,Eco-Friendly,3,0.79,1
915,3,9,2,7,2,18,3,2,Social Media,Eco-Friendly,2,0.5,0
916,7,10,4,3,5,17,2,2,Social Media,Non-Eco-Friendly,4,0.61,1
917,1,5,6,6,1,17,5,2,Organic Search,Eco-Friendly,1,0.44,0
918,1,1,5,7,9,17,4,5,Email,Non-Eco-Friendly,3,0.46,0
919,10,2,1,2,5,11,1,3,Organic Search,Non-Eco-Friendly,4,0.42,0
920,5,4,6,3,6,10,5,2,Organic Search,Non-Eco-Friendly,1,0.49,0
921,5,5,1,4,2,14,2,3,Social Media,Eco-Friendly,1,0.39,0
922,8,9,3,10,10,14,3,4,Ads,Non-Eco-Friendly,5,0.72,1
923,7,1,10,6,10,8,2,3,Organic Search,Non-Eco-Friendly,5,0.6,1
924,8,3,5,1,1,12,10,1,Email,Eco-Friendly,5,0.46,0
925,6,5,10,9,4,10,4,0,Email,Eco-Friendly,3,0.62,1
926,6,3,5,5,7,6,3,7,Ads,Eco-Friendly,3,0.51,1
927,2,4,10,7,6,16,4,2,Email,Non-Eco-Friendly,1,0.57,1
928,6,3,6,9,10,10,5,4,Organic Search,Non-Eco-Friendly,3,0.61,1
929,5,4,10,9,1,20,3,0,Ads,Eco-Friendly,1,0.6,1
930,3,1,8,1,1,2,1,1,Email,Non-Eco-Friendly,4,0.28,0
931,6,8,5,1,8,7,2,2,Email,Eco-Friendly,2,0.54,1
932,8,4,1,3,4,10,3,1,Organic Search,Eco-Friendly,1,0.41,0
933,9,7,5,6,5,16,2,0,Organic Search,Non-Eco-Friendly,1,0.62,1
934,1,2,3,2,7,12,4,1,Organic Search,Non-Eco-Friendly,4,0.3,0
935,3,2,4,10,8,12,5,1,Organic Search,Non-Eco-Friendly,5,0.45,0
936,3,6,8,1,10,4,0,0,Ads,Non-Eco-Friendly,5,0.47,0
937,8,2,7,1,7,4,2,2,Ads,Eco-Friendly,5,0.47,0
938,1,6,5,5,2,12,3,3,Ads,Eco-Friendly,1,0.41,0
939,5,2,2,4,4,3,4,2,Social Media,Non-Eco-Friendly,1,0.32,0
940,3,4,6,1,10,7,2,8,Organic Search,Non-Eco-Friendly,3,0.5,0
941,2,7,6,4,1,12,0,1,Organic Search,Non-Eco-Friendly,3,0.42,0
942,8,8,10,3,10,5,2,1,Ads,Eco-Friendly,2,0.7,1
943,3,3,10,2,9,18,1,5,Email,Eco-Friendly,2,0.58,1
944,7,9,6,9,3,16,4,2,Email,Non-Eco-Friendly,3,0.68,1
945,1,2,9,1,3,2,1,1,Organic Search,Eco-Friendly,1,0.31,0
946,6,8,8,7,10,5,2,2,Organic Search,Eco-Friendly,4,0.67,1
947,3,8,8,4,9,0,1,2,Ads,Eco-Friendly,3,0.54,1
948,8,4,1,5,10,6,4,3,Organic Search,Eco-Friendly,1,0.49,0
949,6,1,5,10,3,14,1,3,Email,Non-Eco-Friendly,3,0.47,0
950,2,1,7,5,8,8,2,1,Email,Non-Eco-Friendly,5,0.39,0
951,6,2,6,1,2,12,4,1,Organic Search,Non-Eco-Friendly,3,0.4,0
952,7,9,5,6,3,2,3,4,Ads,Non-Eco-Friendly,5,0.58,1
953,5,2,8,9,2,14,9,3,Ads,Eco-Friendly,1,0.55,1
954,3,2,3,2,1,7,1,2,Email,Non-Eco-Friendly,5,0.25,0
955,4,6,6,7,2,10,0,3,Ads,Non-Eco-Friendly,3,0.49,0
956,4,7,5,6,8,10,1,3,Email,Non-Eco-Friendly,5,0.54,1
957,6,7,8,5,9,4,2,1,Organic Search,Non-Eco-Friendly,4,0.6,1
958,10,9,4,4,2,4,1,3,Email,Non-Eco-Friendly,5,0.58,1
959,1,6,8,4,7,15,0,0,Organic Search,Eco-Friendly,5,0.48,0
960,4,8,10,6,5,12,5,1,Ads,Non-Eco-Friendly,2,0.64,1
961,10,6,2,4,3,15,5,3,Social Media,Eco-Friendly,4,0.56,1
962,4,2,9,5,9,12,7,0,Social Media,Eco-Friendly,1,0.53,1
963,10,1,9,6,6,11,2,2,Social Media,Eco-Friendly,5,0.6,1
964,1,5,10,5,1,1,4,3,Email,Eco-Friendly,4,0.44,0
965,9,9,10,7,5,9,6,4,Social Media,Eco-Friendly,1,0.79,1
966,4,8,6,9,7,10,3,1,Email,Eco-Friendly,4,0.59,1
967,7,4,4,10,4,20,7,3,Ads,Non-Eco-Friendly,2,0.6,1
968,3,5,4,7,8,13,3,0,Organic Search,Eco-Friendly,1,0.47,0
969,10,5,6,7,10,18,4,1,Social Media,Non-Eco-Friendly,1,0.71,1
970,3,6,5,4,5,13,2,1,Email,Eco-Friendly,5,0.45,0
971,8,3,6,1,9,6,3,3,Ads,Eco-Friendly,3,0.52,1
972,8,5,7,8,9,11,2,2,Ads,Eco-Friendly,1,0.65,1
973,1,2,7,4,9,11,2,0,Social Media,Non-Eco-Friendly,1,0.4,0
974,10,10,9,1,1,5,5,2,Ads,Eco-Friendly,2,0.67,1
975,2,1,8,5,2,8,2,2,Ads,Eco-Friendly,2,0.36,0
976,8,1,6,8,3,9,3,4,Ads,Non-Eco-Friendly,2,0.51,1
977,1,10,6,4,4,18,4,3,Email,Eco-Friendly,5,0.56,1
978,8,7,5,8,10,0,1,5,Ads,Eco-Friendly,1,0.64,1
979,8,2,1,8,9,16,1,2,Ads,Eco-Friendly,2,0.5,0
980,2,4,9,3,10,5,3,4,Ads,Non-Eco-Friendly,2,0.51,1
981,4,5,9,9,6,3,3,3,Ads,Eco-Friendly,4,0.57,1
982,6,7,9,3,1,16,3,5,Ads,Eco-Friendly,4,0.62,1
983,9,2,8,1,9,14,3,0,Email,Non-Eco-Friendly,2,0.56,1
984,8,6,10,2,6,16,1,1,Ads,Non-Eco-Friendly,5,0.66,1
985,8,1,3,6,4,14,3,2,Ads,Eco-Friendly,3,0.45,0
986,7,7,1,10,4,20,3,2,Organic Search,Eco-Friendly,4,0.58,1
987,9,9,8,2,3,13,0,1,Ads,Eco-Friendly,4,0.64,1
988,2,5,7,6,7,9,2,3,Ads,Eco-Friendly,1,0.5,0
989,3,5,5,1,3,12,1,6,Email,Non-Eco-Friendly,1,0.42,0
990,10,4,10,1,2,16,3,5,Ads,Non-Eco-Friendly,2,0.66,1
991,8,3,7,5,10,6,2,0,Email,Non-Eco-Friendly,1,0.55,1
992,6,9,10,10,8,7,1,2,Social Media,Eco-Friendly,1,0.74,1
993,10,5,4,9,4,8,3,0,Ads,Non-Eco-Friendly,3,0.57,1
994,9,8,9,8,8,0,3,3,Organic Search,Non-Eco-Friendly,5,0.72,1
995,10,9,10,3,1,11,4,1,Email,Eco-Friendly,2,0.7,1
996,4,5,2,3,5,1,1,4,Social Media,Eco-Friendly,3,0.35,0
997,8,10,9,1,9,10,1,2,Organic Search,Eco-Friendly,2,0.72,1
998,10,9,9,3,1,14,7,3,Email,Eco-Friendly,5,0.74,1
999,3,2,5,1,4,8,1,0,Social Media,Eco-Friendly,2,0.29,0
1000,3,9,1,8,6,18,5,2,Organic Search,Eco-Friendly,1,0.54,1
1001,8,4,7,1,10,3,0,2,Ads,Non-Eco-Friendly,5,0.52,1
1002,5,6,10,5,8,16,7,1,Organic Search,Eco-Friendly,3,0.67,1
1003,3,6,10,9,3,13,3,4,Organic Search,Eco-Friendly,3,0.62,1
1004,10,6,4,7,5,1,1,1,Organic Search,Non-Eco-Friendly,4,0.54,1
1005,1,2,9,4,7,24,4,1,Email,Non-Eco-Friendly,3,0.5,0
1006,3,7,6,9,1,10,5,1,Ads,Non-Eco-Friendly,4,0.5,1
1007,9,6,3,9,7,6,2,3,Ads,Non-Eco-Friendly,1,0.59,1
1008,5,1,6,2,8,3,1,2,Email,Non-Eco-Friendly,3,0.38,0
1009,10,2,10,10,8,9,2,0,Organic Search,Eco-Friendly,5,0.67,1
1010,2,7,6,10,9,9,6,6,Ads,Eco-Friendly,4,0.63,1
1011,7,1,5,6,6,11,1,2,Organic Search,Non-Eco-Friendly,3,0.46,0
1012,2,1,2,4,6,9,4,1,Ads,Non-Eco-Friendly,1,0.27,0
1013,4,1,10,8,2,13,4,1,Email,Non-Eco-Friendly,5,0.5,0
1014,7,8,10,7,3,8,2,4,Social Media,Non-Eco-Friendly,5,0.69,1
1015,4,4,2,7,4,0,1,4,Organic Search,Eco-Friendly,1,0.36,0
1016,7,4,7,10,4,9,0,2,Ads,Non-Eco-Friendly,3,0.57,1
1017,7,2,2,9,8,0,2,5,Ads,Non-Eco-Friendly,2,0.45,0
1018,1,1,6,5,1,12,4,1,Ads,Eco-Friendly,3,0.31,0
1019,6,10,5,6,10,5,4,0,Email,Eco-Friendly,4,0.63,1
1020,9,9,4,1,4,11,3,4,Email,Eco-Friendly,4,0.6,1
1021,2,7,7,6,4,17,5,7,Social Media,Non-Eco-Friendly,3,0.6,1
1022,3,4,8,2,1,5,5,3,Email,Non-Eco-Friendly,4,0.41,0
1023,10,6,4,6,3,15,2,2,Organic Search,Eco-Friendly,2,0.6,1
1024,5,2,1,9,5,8,2,1,Email,Non-Eco-Friendly,2,0.36,0
1025,9,7,1,8,6,19,4,2,Ads,Non-Eco-Friendly,5,0.61,1
1026,4,2,1,9,9,8,1,1,Organic Search,Eco-Friendly,4,0.38,0
1027,1,10,1,10,9,6,4,1,Email,Eco-Friendly,3,0.49,0
1028,4,8,5,8,9,13,5,3,Organic Search,Eco-Friendly,5,0.63,1
1029,6,8,4,3,1,8,3,3,Organic Search,Non-Eco-Friendly,2,0.48,0
1030,5,1,9,8,9,6,3,6,Email,Eco-Friendly,5,0.57,1
1031,1,8,3,6,8,8,4,3,Organic Search,Non-Eco-Friendly,1,0.47,0
1032,4,2,7,6,2,10,1,1,Ads,Non-Eco-Friendly,4,0.4,0
1033,6,6,8,6,1,17,3,4,Ads,Non-Eco-Friendly,3,0.61,1
1034,10,1,6,3,1,0,4,3,Email,Eco-Friendly,2,0.43,0
1035,10,5,10,10,6,10,3,2,Email,Eco-Friendly,5,0.75,1
1036,4,7,1,1,9,13,1,7,Ads,Eco-Friendly,3,0.48,0
1037,9,10,8,4,7,11,4,1,Email,Non-Eco-Friendly,4,0.73,1
1038,5,1,10,10,5,17,2,0,Ads,Eco-Friendly,3,0.56,1
1039,8,2,3,6,2,10,4,1,Organic Search,Eco-Friendly,4,0.42,0
1040,9,7,8,10,1,9,1,2,Email,Non-Eco-Friendly,4,0.66,1
1041,10,6,4,2,2,13,4,5,Social Media,Non-Eco-Friendly,4,0.57,1
1042,5,3,8,7,1,10,2,1,Ads,Eco-Friendly,5,0.47,0
1043,6,10,1,7,3,8,4,2,Ads,Eco-Friendly,4,0.52,1
1044,1,2,3,4,6,13,2,1,Organic Search,Non-Eco-Friendly,3,0.3,0
1045,7,10,6,4,8,7,7,2,Social Media,Non-Eco-Friendly,1,0.67,1
1046,4,4,9,1,3,7,3,1,Social Media,Non-Eco-Friendly,3,0.44,0
1047,2,3,2,2,10,7,2,0,Social Media,Eco-Friendly,5,0.31,0
1048,5,7,1,9,9,17,2,1,Ads,Eco-Friendly,4,0.54,1
1049,3,8,10,10,10,0,3,4,Ads,Non-Eco-Friendly,1,0.68,1
1050,6,2,3,8,5,12,2,0,Social Media,Eco-Friendly,5,0.42,0
1051,8,10,4,8,7,10,0,2,Email,Eco-Friendly,2,0.66,1
1052,7,7,5,9,8,2,0,3,Social Media,Eco-Friendly,2,0.59,1
1053,3,8,3,7,3,12,4,1,Organic Search,Non-Eco-Friendly,2,0.47,0
1054,8,6,10,9,2,12,3,2,Social Media,Eco-Friendly,1,0.69,1
1055,2,6,2,10,2,13,2,3,Social Media,Non-Eco-Friendly,3,0.42,0
1056,10,10,2,2,5,0,0,4,Social Media,Eco-Friendly,1,0.55,1
1057,9,1,7,6,1,17,3,3,Email,Non-Eco-Friendly,1,0.54,1
1058,4,4,9,3,2,6,9,5,Social Media,Non-Eco-Friendly,1,0.52,1
1059,1,1,10,6,9,13,3,1,Social Media,Eco-Friendly,2,0.48,0
1060,8,4,2,3,7,14,5,2,Ads,Eco-Friendly,3,0.49,0
1061,7,2,7,8,6,6,7,2,Social Media,Non-Eco-Friendly,1,0.54,1
1062,5,5,7,4,9,13,4,2,Organic Search,Non-Eco-Friendly,3,0.58,1
1063,10,10,7,10,7,8,4,3,Ads,Eco-Friendly,4,0.8,1
1064,5,9,3,6,5,0,1,2,Email,Non-Eco-Friendly,1,0.48,0
1065,7,10,7,9,9,16,2,2,Ads,Non-Eco-Friendly,1,0.77,1
1066,5,3,1,2,6,6,3,5,Email,Eco-Friendly,1,0.36,0
1067,8,8,10,2,6,6,4,2,Email,Eco-Friendly,4,0.67,1
1068,6,3,1,7,4,8,2,2,Organic Search,Eco-Friendly,4,0.38,0
1069,5,6,5,2,1,11,2,3,Social Media,Eco-Friendly,2,0.45,0
1070,9,4,2,2,5,10,0,1,Organic Search,Non-Eco-Friendly,5,0.43,0
1071,2,8,9,4,9,13,2,3,Ads,Eco-Friendly,3,0.61,1
1072,1,6,7,9,8,3,2,1,Email,Eco-Friendly,5,0.49,0
1073,8,8,4,8,8,6,2,2,Ads,Eco-Friendly,1,0.62,1
1074,3,1,4,2,5,9,4,2,Email,Eco-Friendly,1,0.32,0
1075,7,6,2,8,9,19,2,2,Ads,Non-Eco-Friendly,2,0.6,1
1076,10,1,5,4,3,9,4,2,Email,Non-Eco-Friendly,5,0.48,0
1077,8,1,4,2,3,15,3,5,Organic Search,Eco-Friendly,1,0.45,0
1078,6,8,1,10,1,10,1,3,Email,Eco-Friendly,5,0.5,0
1079,10,7,8,7,9,8,3,0,Social Media,Eco-Friendly,2,0.71,1
1080,9,3,3,6,6,9,6,1,Organic Search,Eco-Friendly,5,0.5,1
1081,7,6,6,10,2,9,4,1,Social Media,Non-Eco-Friendly,3,0.58,1
1082,10,9,4,5,8,13,2,0,Ads,Non-Eco-Friendly,2,0.67,1
1083,5,7,9,1,9,17,6,2,Ads,Non-Eco-Friendly,5,0.65,1
1084,8,3,7,2,9,12,3,4,Email,Non-Eco-Friendly,1,0.58,1
1085,2,6,9,8,2,16,2,3,Email,Eco-Friendly,4,0.56,1
1086,7,4,10,1,2,5,5,0,Ads,Non-Eco-Friendly,4,0.5,1
1087,4,3,3,3,7,8,4,1,Organic Search,Non-Eco-Friendly,2,0.37,0
1088,9,9,1,2,4,6,2,3,Social Media,Eco-Friendly,4,0.51,1
1089,1,10,5,5,1,12,4,3,Ads,Non-Eco-Friendly,3,0.49,0
1090,7,2,3,4,8,8,2,2,Organic Search,Non-Eco-Friendly,2,0.43,0
1091,6,1,6,7,2,14,1,1,Social Media,Non-Eco-Friendly,1,0.43,0
1092,8,2,8,5,3,5,3,1,Email,Eco-Friendly,1,0.49,0
1093,5,7,4,8,5,10,2,0,Organic Search,Eco-Friendly,2,0.51,1
1094,1,10,5,4,3,13,3,3,Organic Search,Eco-Friendly,4,0.5,1
1095,1,1,5,6,7,0,5,2,Ads,Eco-Friendly,4,0.32,0
1096,9,6,4,4,7,21,3,2,Social Media,Non-Eco-Friendly,1,0.63,1
1097,10,7,4,2,2,9,2,3,Ads,Non-Eco-Friendly,3,0.54,1
1098,6,9,4,1,7,0,0,1,Email,Eco-Friendly,4,0.47,0
1099,10,8,4,1,6,11,2,1,Email,Eco-Friendly,3,0.58,1
1100,5,6,4,8,10,10,2,3,Social Media,Eco-Friendly,4,0.57,1
1101,1,3,5,4,9,10,5,3,Social Media,Non-Eco-Friendly,2,0.41,0
1102,6,8,2,5,9,15,1,3,Social Media,Non-Eco-Friendly,5,0.57,1
1103,6,7,2,8,2,14,1,1,Ads,Eco-Friendly,1,0.48,0
1104,3,3,9,7,7,11,2,0,Social Media,Eco-Friendly,2,0.51,1
1105,8,9,2,8,5,12,2,3,Social Media,Eco-Friendly,4,0.61,1
1106,1,2,6,8,6,9,3,2,Ads,Eco-Friendly,1,0.4,0
1107,1,3,2,6,1,19,1,2,Email,Eco-Friendly,5,0.31,0
1108,6,2,5,10,7,3,2,3,Email,Eco-Friendly,5,0.48,0
1109,10,1,4,2,6,11,1,2,Organic Search,Eco-Friendly,4,0.46,0
1110,1,4,7,6,4,10,0,6,Email,Eco-Friendly,1,0.45,0
1111,6,5,7,1,1,14,4,1,Social Media,Non-Eco-Friendly,4,0.48,0
1112,1,6,6,1,9,6,2,3,Email,Eco-Friendly,5,0.43,0
1113,6,5,10,3,4,1,3,3,Ads,Non-Eco-Friendly,2,0.54,1
1114,3,1,5,3,2,11,4,1,Email,Eco-Friendly,2,0.31,0
1115,8,3,1,5,8,11,4,1,Email,Non-Eco-Friendly,3,0.46,0
1116,6,1,3,1,2,17,6,1,Organic Search,Eco-Friendly,5,0.36,0
1117,1,5,9,10,5,4,3,1,Organic Search,Eco-Friendly,5,0.49,0
1118,5,5,1,6,6,16,4,3,Social Media,Non-Eco-Friendly,4,0.47,0
1119,8,6,5,7,8,22,1,2,Ads,Eco-Friendly,3,0.66,1
1120,3,8,2,10,1,8,4,2,Social Media,Non-Eco-Friendly,3,0.45,0
1121,6,10,4,3,1,4,5,0,Ads,Non-Eco-Friendly,1,0.48,0
1122,5,1,1,4,4,8,0,1,Ads,Non-Eco-Friendly,4,0.27,0
1123,6,4,3,10,5,10,1,5,Organic Search,Eco-Friendly,2,0.52,1
1124,10,10,10,10,9,13,5,0,Email,Non-Eco-Friendly,1,0.88,1
1125,1,1,7,10,7,7,5,2,Email,Eco-Friendly,3,0.43,0
1126,7,9,10,10,7,18,5,5,Organic Search,Non-Eco-Friendly,2,0.85,1
1127,9,7,3,10,8,4,3,1,Social Media,Eco-Friendly,5,0.61,1
1128,2,7,4,3,5,1,3,1,Email,Non-Eco-Friendly,4,0.37,0
1129,10,5,2,1,5,16,5,2,Social Media,Non-Eco-Friendly,3,0.52,1
1130,5,7,3,8,1,0,4,1,Email,Eco-Friendly,5,0.42,0
1131,10,2,9,10,9,9,2,0,Social Media,Eco-Friendly,3,0.66,1
1132,4,4,3,10,6,26,1,3,Ads,Eco-Friendly,2,0.54,1
1133,6,7,5,2,9,10,3,0,Ads,Eco-Friendly,1,0.53,1
1134,6,3,2,1,3,4,3,1,Email,Eco-Friendly,2,0.31,0
1135,2,2,4,8,5,10,5,2,Social Media,Eco-Friendly,4,0.38,0
1136,2,10,7,7,2,10,5,2,Social Media,Eco-Friendly,4,0.56,1
1137,4,2,7,7,10,11,4,0,Ads,Eco-Friendly,3,0.5,1
1138,1,1,3,4,5,13,2,3,Social Media,Eco-Friendly,2,0.3,0
1139,9,5,5,9,8,5,1,2,Organic Search,Non-Eco-Friendly,1,0.6,1
1140,7,6,1,6,2,18,4,0,Social Media,Non-Eco-Friendly,4,0.47,0
1141,7,6,10,2,8,11,2,3,Ads,Non-Eco-Friendly,1,0.66,1
1142,3,9,10,1,4,14,2,3,Organic Search,Non-Eco-Friendly,5,0.6,1
1143,3,4,10,1,10,7,3,2,Organic Search,Eco-Friendly,3,0.52,1
1144,1,1,1,9,10,16,1,4,Social Media,Non-Eco-Friendly,1,0.38,0
1145,3,6,5,4,1,9,3,1,Ads,Non-Eco-Friendly,3,0.4,0
1146,3,5,10,5,5,11,3,2,Ads,Non-Eco-Friendly,5,0.55,1
1147,4,10,9,3,1,5,10,3,Ads,Eco-Friendly,1,0.61,1
1148,4,6,1,4,7,5,2,2,Organic Search,Eco-Friendly,1,0.39,0
1149,3,3,1,8,8,13,2,4,Ads,Non-Eco-Friendly,5,0.42,0
1150,10,2,4,4,3,8,3,1,Organic Search,Non-Eco-Friendly,2,0.45,0
1151,8,6,4,9,3,6,9,1,Organic Search,Non-Eco-Friendly,1,0.56,1
1152,8,1,2,9,7,7,3,5,Email,Eco-Friendly,1,0.48,0
1153,1,7,9,6,4,13,2,3,Social Media,Non-Eco-Friendly,4,0.55,1
1154,7,7,9,2,3,7,2,2,Ads,Non-Eco-Friendly,2,0.57,1
1155,2,10,2,10,8,9,2,5,Organic Search,Eco-Friendly,1,0.57,1
1156,1,7,9,7,3,10,2,4,Social Media,Non-Eco-Friendly,5,0.54,1
1157,3,10,6,9,7,0,2,4,Organic Search,Non-Eco-Friendly,3,0.59,1
1158,4,1,8,6,2,3,4,5,Social Media,Non-Eco-Friendly,5,0.42,0
1159,6,4,10,3,1,12,1,3,Organic Search,Non-Eco-Friendly,2,0.53,1
1160,10,7,4,7,6,6,0,3,Ads,Non-Eco-Friendly,4,0.61,1
1161,5,9,2,5,8,15,2,1,Email,Non-Eco-Friendly,4,0.55,1
1162,4,5,2,1,1,15,7,5,Email,Non-Eco-Friendly,4,0.4,0
1163,8,2,9,3,10,14,2,8,Email,Non-Eco-Friendly,5,0.67,1
1164,4,7,1,5,9,19,2,0,Organic Search,Eco-Friendly,3,0.49,0
1165,10,10,7,7,3,10,3,2,Social Media,Non-Eco-Friendly,3,0.72,1
1166,2,1,3,3,3,13,3,0,Ads,Non-Eco-Friendly,1,0.26,0
1167,3,7,3,6,4,7,2,0,Ads,Non-Eco-Friendly,3,0.41,0
1168,6,6,2,5,1,22,4,2,Organic Search,Eco-Friendly,3,0.49,0
1169,8,7,10,1,9,20,5,0,Email,Non-Eco-Friendly,1,0.72,1
1170,8,10,6,10,3,10,4,2,Organic Search,Eco-Friendly,5,0.7,1
1171,9,3,10,6,10,12,2,2,Social Media,Non-Eco-Friendly,5,0.69,1
1172,7,3,2,8,4,17,5,3,Email,Eco-Friendly,2,0.5,0
1173,2,7,10,1,1,9,2,1,Organic Search,Eco-Friendly,5,0.47,0
1174,8,2,4,2,4,7,2,1,Social Media,Eco-Friendly,4,0.39,0
1175,7,1,10,4,1,14,4,0,Email,Non-Eco-Friendly,4,0.5,1
1176,8,9,9,2,5,10,4,4,Ads,Non-Eco-Friendly,2,0.7,1
1177,3,9,9,9,5,11,2,1,Social Media,Eco-Friendly,3,0.63,1
1178,7,7,6,10,7,6,6,1,Ads,Non-Eco-Friendly,2,0.64,1
1179,10,7,4,8,8,1,3,2,Social Media,Eco-Friendly,1,0.62,1
1180,9,3,7,8,4,11,7,0,Email,Non-Eco-Friendly,2,0.59,1
1181,3,10,1,4,7,15,1,2,Organic Search,Non-Eco-Friendly,2,0.49,0
1182,10,2,4,5,4,9,1,2,Organic Search,Eco-Friendly,4,0.48,0
1183,6,7,5,4,3,17,2,2,Organic Search,Eco-Friendly,1,0.55,1
1184,2,9,8,9,6,6,0,0,Organic Search,Non-Eco-Friendly,1,0.56,1
1185,2,1,2,2,4,5,4,4,Social Media,Eco-Friendly,2,0.24,0
1186,5,4,5,8,3,10,5,5,Organic Search,Eco-Friendly,1,0.51,1
1187,5,6,6,2,9,10,2,2,Organic Search,Non-Eco-Friendly,1,0.53,1
1188,7,7,5,1,5,14,1,1,Social Media,Eco-Friendly,5,0.52,1
1189,2,10,9,10,7,6,2,1,Social Media,Non-Eco-Friendly,1,0.64,1
1190,7,7,10,3,6,17,9,2,Email,Non-Eco-Friendly,3,0.72,1
1191,5,10,1,9,10,20,3,1,Social Media,Eco-Friendly,1,0.63,1
1192,6,2,3,3,5,10,2,2,Ads,Eco-Friendly,4,0.38,0
1193,8,4,2,9,7,16,6,3,Email,Eco-Friendly,5,0.58,1
1194,10,5,3,7,6,5,5,2,Email,Non-Eco-Friendly,4,0.56,1
1195,4,1,10,10,10,15,1,2,Organic Search,Eco-Friendly,4,0.6,1
1196,7,1,9,1,2,15,1,1,Organic Search,Non-Eco-Friendly,3,0.46,0
1197,6,10,9,10,3,14,4,5,Ads,Eco-Friendly,5,0.77,1
1198,10,3,10,5,2,10,0,0,Organic Search,Eco-Friendly,2,0.58,1
1199,2,10,2,9,3,0,1,3,Social Media,Non-Eco-Friendly,1,0.43,0
1200,8,3,3,3,1,7,1,0,Social Media,Eco-Friendly,3,0.36,0
